canonical_poi_id,canonical_name,family_name,category_clean,lat,lon,cluster_id,importance_score,member_count,member_poi_ids,source_names,group_method,wiki_title,wiki_match_type,wiki_match_quality,besttime_supported,notes
cp_13615790287,Lausos Sarayı'nın Kalıntıları,Lausos Sarayı'nın Kalıntıları,historic,41.007586,28.9755539,12,0.8630041366163068,1,13615790287,Lausos Sarayı'nın Kalıntıları,single_seed,,,,,
cp_1075801479,Antiochos Sarayı'nın Kalıntıları,Antiochos Sarayı'nın Kalıntıları,historic,41.0072892,28.9753286,12,0.8592239579009757,1,1075801479,Antiochos Sarayı'nın Kalıntıları,single_seed,,,,,
cp_8120955,Ibrahim Pasha Palace,Ibrahim Pasha Palace,historic,41.0063974,28.9748082,12,0.8589147224356382,1,8120955,Ibrahim Pasha Palace,single_seed,,,,,
cp_311681431,Sağlık Müzesi,Sağlık Müzesi,museum,41.0083138,28.9752897,12,0.8493101502132174,1,311681431,Sağlık Müzesi,single_seed,,,,,
cp_1153966162,Great Palace Mosaic Museum,Great Palace Mosaic Museum,museum,41.0042947,28.977433,12,0.8442127747511758,1,1153966162,Great Palace Mosaic Museum,single_seed,,,,,
cp_103953125,Tomb of Sultan Ahmed I,Tomb of Sultan Ahmed I,attraction,41.0067894,28.9769854,12,0.8358979261397337,1,103953125,Tomb of Sultan Ahmed I,single_seed,,,,,
cp_11867279469,Hagia Sophia History and Experience Museum,Hagia Sophia History and Experience Museum,museum,41.0064549,28.9753667,12,0.8343905890613934,1,11867279469,Hagia Sophia History and Experience Museum,single_seed,,,,,
cp_5113500256,Turkish and Islamic Arts Museum,Turkish and Islamic Arts Museum,museum,41.0062801,28.974915,12,0.8342378630190977,1,5113500256,Turkish and Islamic Arts Museum,single_seed,,,,,
cp_3373094254,Carpet Museum,Carpet Museum,museum,41.0056817,28.9786693,12,0.827179907345949,1,3373094254,Carpet Museum,single_seed,,,,,
cp_527580309,Turbe of Keçecizâde Fuad Pasha,Turbe of Keçecizâde Fuad Pasha,historic,41.0065607,28.9728429,12,0.8210574583077491,1,527580309,Turbe of Keçecizâde Fuad Pasha,single_seed,,,,,
cp_1652694014,Magnaura Sarayı,Magnaura Sarayı,historic,41.0054477,28.9796589,12,0.8186124245073092,1,1652694014,Magnaura Sarayı,single_seed,,,,,
cp_10284696709,Topkapi Palace,Topkapi Palace,museum,41.011344,28.9832034,12,0.8121438111452497,1,10284696709,Topkapi Palace,single_seed,,,,,
cp_149049165,Archeological Park,Archeological Park,historic,41.0073268,28.9803843,12,0.8117358459579099,1,149049165,Archeological Park,single_seed,,,,,
cp_18055570,Blue Mosque,Blue Mosque,attraction,41.0054066,28.9766495,12,0.8079814929979688,1,18055570,Blue Mosque,single_seed,,,,,
cp_132277807,Mausoleum of Princes,Mausoleum of Princes,historic,41.0080155,28.9793917,12,0.8078603320712782,1,132277807,Mausoleum of Princes,single_seed,,,,,
cp_5244801843,Marmara Üniversitesi Cumhuriyet Müzesi ve Sanat Galerisi,Marmara Üniversitesi Cumhuriyet Müzesi ve Sanat Galerisi,museum,41.0051858,28.9743891,12,0.8044155331141827,1,5244801843,Marmara Üniversitesi Cumhuriyet Müzesi ve Sanat Galerisi,single_seed,,,,,
cp_2472730735,Cistern of Philoxenos,Cistern of Philoxenos,museum,41.007606,28.9744173,12,0.8041686522513595,1,2472730735,Cistern of Philoxenos,single_seed,,,,,
cp_109836395,Mausoleum of Sultan Murad III,Mausoleum of Sultan Murad III,historic,41.0079049,28.9794475,12,0.8041543523982415,1,109836395,Mausoleum of Sultan Murad III,single_seed,,,,,
cp_5113620677,Sahabe-i Kiramdan Abdurrahman Şami Türbesi,Sahabe-i Kiramdan Abdurrahman Şami Türbesi,historic,41.0066904,28.9791454,12,0.8038441577882711,1,5113620677,Sahabe-i Kiramdan Abdurrahman Şami Türbesi,single_seed,,,,,
cp_4990028128,Carpet Museum,Carpet Museum,museum,41.0087318,28.9809561,12,0.8016571339753846,1,4990028128,Carpet Museum,single_seed,,,,,
cp_709381141,Mausoleum of Sultan Selim II,Mausoleum of Sultan Selim II,historic,41.0079253,28.979715,12,0.8004027259690221,1,709381141,Mausoleum of Sultan Selim II,single_seed,,,,,
cp_109836394,Mausoleum of Sultan Mehmed III,Mausoleum of Sultan Mehmed III,historic,41.0077754,28.9799026,12,0.8003294918903925,1,109836394,Mausoleum of Sultan Mehmed III,single_seed,,,,,
cp_329062194,Mausoleum of Sultan Mahmud II,Mausoleum of Sultan Mahmud II,historic,41.0084813,28.9725914,12,0.7990432221724273,1,329062194,Mausoleum of Sultan Mahmud II,single_seed,,,,,
cp_4742554,Hagia Irene,Hagia Irene,museum,41.0098292,28.9809477,12,0.7976237111379257,1,4742554,Hagia Irene,single_seed,,,,,
cp_1908677124,Milion,Milion,historic,41.0080674,28.9780181,12,0.7962789879589164,1,1908677124,Milion,single_seed,,,,,
cp_103953128,Sultan Ahmed Madrasah,Sultan Ahmed Madrasah,historic,41.0065583,28.9772241,12,0.7956527541776205,1,103953128,Sultan Ahmed Madrasah,single_seed,,,,,
cp_13385771384,II. Abdülhamid Türbesi,II. Abdülhamid Türbesi,historic,41.0086349,28.972596,12,0.7953630943761127,1,13385771384,II. Abdülhamid Türbesi,single_seed,,,,,
cp_335374188,İstanbul Arkeoloji Müzeleri,İstanbul Arkeoloji Müzeleri,museum,41.0116941,28.9812131,12,0.7934602030966318,1,335374188,İstanbul Arkeoloji Müzeleri,single_seed,,,,,
cp_319020883,Istanbul Archaeological Museum,Istanbul Archaeological Museum,museum,41.0116433,28.9813725,12,0.7934516853177431,1,319020883,Istanbul Archaeological Museum,single_seed,,,,,
cp_5244801844,İstanbul Cumhuriyet Eğitim Müzesi,İstanbul Cumhuriyet Eğitim Müzesi,museum,41.0049596,28.9739331,12,0.7932227132852074,1,5244801844,İstanbul Cumhuriyet Eğitim Müzesi,single_seed,,,,,
cp_5244807623,TGC Press Media Museum,TGC Press Media Museum,museum,41.0085619,28.9722162,12,0.7932208519105401,1,5244807623,TGC Press Media Museum,single_seed,,,,,
cp_109874498,German Fountain,German Fountain,attraction,41.0071134,28.9766752,12,0.7910746890319853,1,109874498,German Fountain,single_seed,,,,,
cp_103339340,Museum Of Ancient Orient,Museum Of Ancient Orient,museum,41.011393,28.9804023,12,0.7900084947275234,1,103339340,Museum Of Ancient Orient,single_seed,,,,,
cp_4742207,Marmara University Republic Museum,Marmara University Republic Museum,museum,41.0048417,28.97413,12,0.7895549811324903,1,4742207,Marmara University Republic Museum,single_seed,,,,,
cp_13702456359,Fulham Park Cistern,Fulham Park Cistern,attraction,41.0137644,28.9817985,12,0.7892536763603326,1,13702456359,Fulham Park Cistern,single_seed,,,,,
cp_1120852417,Obelisk of Theodosius,Obelisk of Theodosius,historic,41.0059276,28.9754001,12,0.787757479192329,1,1120852417,Obelisk of Theodosius,single_seed,,,,,
cp_1184924695,Yerebatan Sarnıcı,Yerebatan Sarnıcı,historic,41.00867115,28.97801225,12,0.7850238528242527,2,1184924695|11006008339,Yerebatan Sarnıcı | Basilica Cistern (Exit),auto_grouped,,,,,
cp_5108843098,Cevri Kalfa Çeşmesi,Cevri Kalfa Çeşmesi,attraction,41.0080019,28.9767691,12,0.7839032672595759,1,5108843098,Cevri Kalfa Çeşmesi,single_seed,,,,,
cp_1154702450,Theodosia Cistern,Theodosia Cistern,museum,41.0074148,28.9723954,12,0.781489165166183,1,1154702450,Theodosia Cistern,single_seed,,,,,
cp_1379168992,Katip Sinan Camii,Katip Sinan Camii,historic,41.0059631,28.9707766,12,0.778294096320328,1,1379168992,Katip Sinan Camii,single_seed,,,,,
cp_5108843109,Hacı Beşir Ağa Çeşmesi,Hacı Beşir Ağa Çeşmesi,attraction,41.0082703,28.977987,12,0.7769251346262946,1,5108843109,Hacı Beşir Ağa Çeşmesi,single_seed,,,,,
cp_25512790,Sultan Ahmed Square,Sultan Ahmed Square,attraction,41.0065205,28.9760528,12,0.7760674446106873,1,25512790,Sultan Ahmed Square,single_seed,,,,,
cp_1272157516,SARNIÇ CISTERN,SARNIÇ CISTERN,historic,41.0120848,28.9838441,12,0.7733860370374873,1,1272157516,SARNIÇ CISTERN,single_seed,,,,,
cp_1120852418,The Walled Obelisk,The Walled Obelisk,historic,41.0054052,28.9748422,12,0.7727815775079241,1,1120852418,The Walled Obelisk,single_seed,,,,,
cp_1377906859,Üçler Mescidi,Üçler Mescidi,historic,41.0055263,28.9743308,12,0.7727022688342846,1,1377906859,Üçler Mescidi,single_seed,,,,,
cp_415157636,Serpent Column,Serpent Column,attraction,41.0056649,28.9751101,12,0.7682667963065052,1,415157636,Serpent Column,single_seed,,,,,
cp_1555271,Ayasofya-i Kebir Câmi-i Şerifi,Ayasofya-i Kebir Câmi-i Şerifi,museum,41.0084873,28.97993045,12,0.7681835752931446,2,1555271|109862851,Ayasofya-i Kebir Câmi-i Şerifi | Hagia Sophia,auto_grouped,,,,,
cp_32396096,Palace Kitchens,Palace Kitchens,historic,41.0116668,28.984489,12,0.7659919119617264,1,32396096,Palace Kitchens,single_seed,,,,,
cp_303491953,Alay Köşkü,Alay Köşkü,museum,41.0110425,28.978391,12,0.7638168462617234,1,303491953,Alay Köşkü,single_seed,,,,,
cp_109738926,Sıbyan Mektebi,Sıbyan Mektebi,historic,41.0080258,28.9790857,12,0.7630982709605257,1,109738926,Sıbyan Mektebi,single_seed,,,,,
cp_335415778,Topkapı Palace,Topkapı Palace,attraction,41.01281,28.9840154,12,0.7611404168876338,1,335415778,Topkapı Palace,single_seed,,,,,
cp_151790453,Haseki Hürrem Hammam,Haseki Hürrem Hammam,attraction,41.0069452,28.9788591,12,0.7581456549893157,1,151790453,Haseki Hürrem Hammam,single_seed,,,,,
cp_13385771382,Sultan Abdulaziz Han kabri,Sultan Abdulaziz Han kabri,historic,41.008552,28.9725794,12,0.7578610436970555,1,13385771382,Sultan Abdulaziz Han kabri,single_seed,,,,,
cp_5113620695,Museum of The History of Science and Technology in Islam,Museum of The History of Science and Technology in Islam,museum,41.0132188,28.9789678,12,0.7563119477270756,1,5113620695,Museum of The History of Science and Technology in Islam,single_seed,,,,,
cp_103339339,Tiled Kiosk,Tiled Kiosk,museum,41.0120223,28.9812383,12,0.7521652419571724,1,103339339,Tiled Kiosk,single_seed,,,,,
cp_175523076,National Palaces Painting Museum;Painting Museum,National Palaces Painting Museum;Painting Museum,museum,41.0396619,29.0027225,12,0.7465348215489771,1,175523076,National Palaces Painting Museum;Painting Museum,single_seed,,,,,
cp_263949137,Dolmabahce Palace,Dolmabahce Palace,museum,41.0397895,29.0015991,12,0.7443358151610736,1,263949137,Dolmabahce Palace,single_seed,,,,,
cp_914394417,Clock Museum,Clock Museum,museum,41.0404788,29.0004493,12,0.7442553795490467,1,914394417,Clock Museum,single_seed,,,,,
cp_263949162,Dolmabahce Palace,Dolmabahce Palace,museum,41.0391296,29.0005456,12,0.7410476197863717,1,263949162,Dolmabahce Palace,single_seed,,,,,
cp_335402651,Imperial Mint,Imperial Mint,attraction,41.0104187,28.9803838,12,0.7392074976874566,1,335402651,Imperial Mint,single_seed,,,,,
cp_175516451,Dolmabahce Palace,Dolmabahce Palace,museum,41.0387836,28.9995191,12,0.737641460823832,1,175516451,Dolmabahce Palace,single_seed,,,,,
cp_1184851395,Bucoleon Palace Ruins,Bucoleon Palace Ruins,historic,41.0024553,28.9760876,12,0.7364798790603897,1,1184851395,Bucoleon Palace Ruins,single_seed,,,,,
cp_5108838368,Paşa Kapısı,Paşa Kapısı,attraction,41.0111434,28.9779823,12,0.7354163109964827,1,5108838368,Paşa Kapısı,single_seed,,,,,
cp_6180706492,Palace Collections Museum,Palace Collections Museum,museum,41.04121,29.004119,12,0.7347501098898078,1,6180706492,Palace Collections Museum,single_seed,,,,,
cp_335364925,Imperial Gate,Imperial Gate,historic,41.0085967,28.981487,12,0.7329518756199614,1,335364925,Imperial Gate,single_seed,,,,,
cp_335402649,Gate of Salutation,Gate of Salutation,historic,41.0114028,28.9832355,12,0.7319443322385596,1,335402649,Gate of Salutation,single_seed,,,,,
cp_3281285898,Atatürk,Atatürk,historic,41.0044513,28.9733107,12,0.7317374476432082,1,3281285898,Atatürk,single_seed,,,,,
cp_4721808990,Grand Bazaar,Grand Bazaar,museum,41.0101095,28.969963,12,0.7300729005006088,1,4721808990,Grand Bazaar,single_seed,,,,,
cp_111862615,Vezir Hanı,Vezir Hanı,museum,41.0092573,28.9720052,12,0.7298805790426722,1,111862615,Vezir Hanı,single_seed,,,,,
cp_1271934199,Dolmabahçe Sarayı Saltanat Kapı,Dolmabahçe Sarayı Saltanat Kapı,historic,41.0390793,28.998473,12,0.7286787517548909,1,1271934199,Dolmabahçe Sarayı Saltanat Kapı,single_seed,,,,,
cp_13084855510,Dolmabahçe Sarayı Deniz Kapısı,Dolmabahçe Sarayı Deniz Kapısı,historic,41.0387281,29.000731,12,0.7284865118906544,1,13084855510,Dolmabahçe Sarayı Deniz Kapısı,single_seed,,,,,
cp_32396432,Sultan Ahmed III Fountain,Sultan Ahmed III Fountain,attraction,41.0082486,28.9812612,12,0.7283870411993926,1,32396432,Sultan Ahmed III Fountain,single_seed,,,,,
cp_103907772,Imperial Council Hall,Imperial Council Hall,historic,41.0124903,28.9834925,12,0.7242256908054279,1,103907772,Imperial Council Hall,single_seed,,,,,
cp_3281285899,Mithat Paşa,Mithat Paşa,historic,41.0042194,28.9733768,12,0.7206554939357813,1,3281285899,Mithat Paşa,single_seed,,,,,
cp_4743322,Imperial Harem,Imperial Harem,historic,41.0130721,28.9832643,12,0.720411605205976,1,4743322,Imperial Harem,single_seed,,,,,
cp_329063100,Tomb of Sinan Pasha,Tomb of Sinan Pasha,historic,41.0088174,28.9687309,12,0.7169761839515824,1,329063100,Tomb of Sinan Pasha,single_seed,,,,,
cp_663391267,Çemberlitaş Hammam,Çemberlitaş Hammam,attraction,41.0085416,28.9716244,12,0.7161590038471818,1,663391267,Çemberlitaş Hammam,single_seed,,,,,
cp_111002508,Gazi Atik Ali Paşa Camii,Gazi Atik Ali Paşa Camii,historic,41.0087421,28.9705447,12,0.715883033994211,1,111002508,Gazi Atik Ali Paşa Camii,single_seed,,,,,
cp_5244807883,Yahya Kemal Museum,Yahya Kemal Museum,museum,41.008741,28.967614,12,0.7146092979466501,1,5244807883,Yahya Kemal Museum,single_seed,,,,,
cp_586013144,Domabahçe Sarayı Mefruşat Dairesi,Domabahçe Sarayı Mefruşat Dairesi,historic,41.0385531,28.9970682,12,0.7143494095438884,1,586013144,Domabahçe Sarayı Mefruşat Dairesi,single_seed,,,,,
cp_11813287018,Sohum Kalesi Kitâbesi,Sohum Kalesi Kitâbesi,historic,41.0123834,28.9840355,12,0.7131131374033745,1,11813287018,Sohum Kalesi Kitâbesi,single_seed,,,,,
cp_5478162925,Sarayburnu Atatürk Monument,Sarayburnu Atatürk Monument,historic,41.016263,28.9861325,12,0.7128245704924515,1,5478162925,Sarayburnu Atatürk Monument,single_seed,,,,,
cp_5244805876,Pera Spa,Pera Spa,attraction,41.0105966,28.9731818,12,0.7126906286066466,1,5244805876,Pera Spa,single_seed,,,,,
cp_1153684927,Column of Constantine,Column of Constantine,attraction,41.008553,28.9712828,12,0.7123782383664277,1,1153684927,Column of Constantine,single_seed,,,,,
cp_1488385517,Sarayburnu Arkeopark,Sarayburnu Arkeopark,historic,41.0170598,28.9847081,12,0.7114292675061363,1,1488385517,Sarayburnu Arkeopark,single_seed,,,,,
cp_330344403,İshakpaşa Hammam,İshakpaşa Hammam,historic,41.0065719,28.9812065,12,0.710768405013746,1,330344403,İshakpaşa Hammam,single_seed,,,,,
cp_1900616737,Ancient Hippodrome Substructure,Ancient Hippodrome Substructure,historic,41.004072,28.973413,12,0.70959000807894,1,1900616737,Ancient Hippodrome Substructure,single_seed,,,,,
cp_9393008312,Cistern Nakkas,Cistern Nakkas,attraction,41.0041016,28.9751527,12,0.7089472486292503,1,9393008312,Cistern Nakkas,single_seed,,,,,
cp_103907804,Has Oda Koğuşu,Has Oda Koğuşu,historic,41.0133249,28.9841768,12,0.7054518216883723,1,103907804,Has Oda Koğuşu,single_seed,,,,,
cp_303807317,Grand Bazaar,Grand Bazaar,attraction,41.0109671,28.9682528,12,0.7047920305094901,1,303807317,Grand Bazaar,single_seed,,,,,
cp_263956600,Dolmabahçe Sarayı Hazine-i Hassa Dairesi,Dolmabahçe Sarayı Hazine-i Hassa Dairesi,historic,41.0378554,28.9973596,12,0.7035369557659662,1,263956600,Dolmabahçe Sarayı Hazine-i Hassa Dairesi,single_seed,,,,,
cp_1377852887,Cankurtaran Mescidi,Cankurtaran Mescidi,historic,41.0049146,28.9807878,12,0.7029805333333065,1,1377852887,Cankurtaran Mescidi,single_seed,,,,,
cp_110313596,Şehzade Mehmet Kervansarayı,Şehzade Mehmet Kervansarayı,historic,41.0140646,28.9580878,12,0.7028605861821408,1,110313596,Şehzade Mehmet Kervansarayı,single_seed,,,,,
cp_5244807872,Karababa Türbesi,Karababa Türbesi,historic,41.0083008,28.9692078,12,0.7024260330596697,1,5244807872,Karababa Türbesi,single_seed,,,,,
cp_32396111,Gate of Felicity,Gate of Felicity,historic,41.0126325,28.9843785,12,0.7019385031028059,1,32396111,Gate of Felicity,single_seed,,,,,
cp_103907818,Audience Chamber,Audience Chamber,historic,41.0127679,28.9845264,12,0.7018679427006379,1,103907818,Audience Chamber,single_seed,,,,,
cp_32396231,Library of Ahmed III,Library of Ahmed III,historic,41.0130279,28.9845542,12,0.7017871550030382,1,32396231,Library of Ahmed III,single_seed,,,,,
cp_5108828680,İstanbul Railway Museum,İstanbul Railway Museum,museum,41.0151993,28.9766829,12,0.7003234796326764,1,5108828680,İstanbul Railway Museum,single_seed,,,,,
cp_175517661,Mahmut Paşa Camii,Mahmut Paşa Camii,attraction,41.0111863,28.9713768,12,0.7001537174702,1,175517661,Mahmut Paşa Camii,single_seed,,,,,
cp_1423624915,Dolmabahçe Sarayı Hazine Kapısı,Dolmabahçe Sarayı Hazine Kapısı,historic,41.0380917,28.9971133,12,0.6998066330798159,1,1423624915,Dolmabahçe Sarayı Hazine Kapısı,single_seed,,,,,
cp_3386270532,Galatasaray Museum,Galatasaray Museum,museum,41.0334816,28.9769398,12,0.6995585914852167,1,3386270532,Galatasaray Museum,single_seed,,,,,
cp_165718178,Galata Dervish House Museum,Galata Dervish House Museum,museum,41.0280128,28.9751142,12,0.6988050873461953,1,165718178,Galata Dervish House Museum,single_seed,,,,,
cp_3811143694,Stucco Museum,Stucco Museum,museum,41.029581,28.9789875,12,0.6982316747976496,1,3811143694,Stucco Museum,single_seed,,,,,
cp_969327995,Yerevan Kiosk,Yerevan Kiosk,historic,41.0138271,28.984608,12,0.6978588286277544,1,969327995,Yerevan Kiosk,single_seed,,,,,
cp_9206305917,Beyazit Kulesi,Beyazit Kulesi,historic,41.0113939,28.9646825,12,0.6976158241870705,1,9206305917,Beyazit Kulesi,single_seed,,,,,
cp_5108828006,Lions Rug and kilims Art Gallery,Lions Rug and kilims Art Gallery,museum,41.0128714,28.9778917,12,0.6968946024087085,1,5108828006,Lions Rug and kilims Art Gallery,single_seed,,,,,
cp_499944905,Atik Ali Paşa Medresesi,Atik Ali Paşa Medresesi,historic,41.00837,28.9699885,12,0.6945780725228948,2,499944905|3374681017,Atik Ali Paşa Medresesi,auto_grouped,,,,,
cp_5108836360,Sultan Spa and Wellness Center,Sultan Spa and Wellness Center,attraction,41.0123762,28.977568,12,0.6944645467474884,1,5108836360,Sultan Spa and Wellness Center,single_seed,,,,,
cp_247442912,Masumiyet Müzesi,Masumiyet Müzesi,museum,41.030862299999995,28.9798142,12,0.6940323660602588,2,247442912|3279398393,Masumiyet Müzesi | The Museum of Innocence,auto_grouped,,,,,
cp_2996272,Agavat Dairesi (Deniz Müzesi K. Tarih Arşivi),Agavat Dairesi (Deniz Müzesi K. Tarih Arşivi),historic,41.0404574,29.0036252,12,0.6937651765556849,1,2996272,Agavat Dairesi (Deniz Müzesi K. Tarih Arşivi),single_seed,,,,,
cp_8699169212,Post Museum,Post Museum,museum,41.0147153,28.9738991,12,0.6928778912029718,1,8699169212,Post Museum,single_seed,,,,,
cp_569707977,Cat Museum,Cat Museum,museum,41.0265284,28.9749954,12,0.6920423259915169,1,569707977,Cat Museum,single_seed,,,,,
cp_32396296,Baghdad Kiosk,Baghdad Kiosk,historic,41.0141542,28.984545,12,0.6904149314171952,1,32396296,Baghdad Kiosk,single_seed,,,,,
cp_194486642,Sofa Pavilion,Sofa Pavilion,historic,41.0139667,28.9848982,12,0.6904057022331407,1,194486642,Sofa Pavilion,single_seed,,,,,
cp_1807703751,Istanbul Photography Museum,Istanbul Photography Museum,museum,41.0046397,28.967754,12,0.6886192156294152,1,1807703751,Istanbul Photography Museum,single_seed,,,,,
cp_260976707,İşbank Museum,İşbank Museum,museum,41.0160939,28.9726009,12,0.6885229138186916,1,260976707,İşbank Museum,single_seed,,,,,
cp_13385771381,Tomb of Mehmed the Hunter,Tomb of Mehmed the Hunter,historic,41.0160855,28.9717905,12,0.6867526648720581,1,13385771381,Tomb of Mehmed the Hunter,single_seed,,,,,
cp_1620494633,Tomb of Hatice Turhan Sultan,Tomb of Hatice Turhan Sultan,historic,41.0162025,28.9719047,12,0.6867309156333706,1,1620494633,Tomb of Hatice Turhan Sultan,single_seed,,,,,
cp_13385771383,V. Murat Türbesi,V. Murat Türbesi,historic,41.0161468,28.9717123,12,0.6867189612860543,1,13385771383,V. Murat Türbesi,single_seed,,,,,
cp_18161438,Nuruosmaniye Mosque,Nuruosmaniye Mosque,attraction,41.0103417,28.9704056,12,0.6866720712613593,1,18161438,Nuruosmaniye Mosque,single_seed,,,,,
cp_3400112453,Yedi Kule Hisarı Müzesi,Yedi Kule Hisarı Müzesi,museum,40.9935689,28.9239308,17,0.6832955060354509,1,3400112453,Yedi Kule Hisarı Müzesi,single_seed,,,,,
cp_32396254,Grand Kiosk,Grand Kiosk,historic,41.0137476,28.9857176,12,0.6829485914539596,1,32396254,Grand Kiosk,single_seed,,,,,
cp_1272160893,Gülhane Kapısı,Gülhane Kapısı,historic,41.0140875,28.9855319,12,0.6828882476466029,1,1272160893,Gülhane Kapısı,single_seed,,,,,
cp_9597969110,Illusion Museum,Illusion Museum,museum,41.02917,28.9749298,12,0.679951517534487,1,9597969110,Illusion Museum,single_seed,,,,,
cp_1335767641,Tekfur Sarayı Müzesi,Tekfur Sarayı Müzesi,museum,41.0339273,28.9406735,12,0.6795718201314302,1,1335767641,Tekfur Sarayı Müzesi,single_seed,,,,,
cp_23236783,Galata Tower,Galata Tower,attraction,41.0256344,28.974213,12,0.6791555268577218,1,23236783,Galata Tower,single_seed,,,,,
cp_5506396363,The Jewish Museum of Turkey,The Jewish Museum of Turkey,museum,41.0267866,28.9727283,12,0.6771078797658847,1,5506396363,The Jewish Museum of Turkey,single_seed,,,,,
cp_112174319,Sepetçiler Pavilion,Sepetçiler Pavilion,museum,41.0163283,28.9816446,12,0.6769751517558428,1,112174319,Sepetçiler Pavilion,single_seed,,,,,
cp_110234148,The Museum of Turkish Calligraphic Art,The Museum of Turkish Calligraphic Art,museum,41.0099999,28.9632173,12,0.6764537022502073,1,110234148,The Museum of Turkish Calligraphic Art,single_seed,,,,,
cp_9217070484,Türk Eczacılık Tarihi İhtisas Müzesi,Türk Eczacılık Tarihi İhtisas Müzesi,museum,41.0108493,28.9631157,12,0.6763581106854699,1,9217070484,Türk Eczacılık Tarihi İhtisas Müzesi,single_seed,,,,,
cp_333112194,Sultan 1. Abdülhamit Türbesi,Sultan 1. Abdülhamit Türbesi,historic,41.0155098,28.9741344,12,0.6762663213923491,1,333112194,Sultan 1. Abdülhamit Türbesi,single_seed,,,,,
cp_776287486,Otluk Kapısı,Otluk Kapısı,historic,41.0056915,28.9827615,12,0.6734106155233212,1,776287486,Otluk Kapısı,single_seed,,,,,
cp_13357454623,Nimelceyş Kabiri,Nimelceyş Kabiri,historic,41.0049688,28.9818618,12,0.6734037956995331,1,13357454623,Nimelceyş Kabiri,single_seed,,,,,
cp_13357454625,Bizans Lahdi,Bizans Lahdi,historic,41.0043528,28.9812179,12,0.6733065064221869,1,13357454625,Bizans Lahdi,single_seed,,,,,
cp_498861869,Naval Museum,Naval Museum,museum,41.0410687,29.0056763,12,0.6728172297152518,1,498861869,Naval Museum,single_seed,,,,,
cp_3374678647,Koca Sinan Paşa Külliyesi,Koca Sinan Paşa Külliyesi,historic,41.0088088,28.9690637,12,0.6722247030540077,1,3374678647,Koca Sinan Paşa Külliyesi,single_seed,,,,,
cp_3374678648,Kara Mustafa Paşa Külliyesi,Kara Mustafa Paşa Külliyesi,historic,41.0087157,28.9677599,12,0.6718308526207518,1,3374678648,Kara Mustafa Paşa Külliyesi,single_seed,,,,,
cp_12248507560,Dolmabahçe Clock Museum,Dolmabahçe Clock Museum,museum,41.0376899,28.9963411,12,0.6717003774745904,1,12248507560,Dolmabahçe Clock Museum,single_seed,,,,,
cp_225470886,Yeni Daire,Yeni Daire,historic,41.0404727,29.0020444,12,0.6712048601320623,1,225470886,Yeni Daire,single_seed,,,,,
cp_326370631,Saray Tiyatrosu ve Sahne Sanatları Müzesi,Saray Tiyatrosu ve Sahne Sanatları Müzesi,museum,41.0514006,29.0120193,10,0.6711540069592334,1,326370631,Saray Tiyatrosu ve Sahne Sanatları Müzesi,single_seed,,,,,
cp_175518810,Elvis Müzik,Elvis Müzik,attraction,41.0281214,28.9745159,12,0.6703840240478743,1,175518810,Elvis Müzik,single_seed,,,,,
cp_1423624917,Camlı Köşk,Camlı Köşk,museum,41.0401269,28.99951,12,0.6696588961732729,1,1423624917,Camlı Köşk,single_seed,,,,,
cp_9217099231,İstanbul Üniversitesi Rıdvan Çelikel Arkeoloji Müzesi,İstanbul Üniversitesi Rıdvan Çelikel Arkeoloji Müzesi,museum,41.0098561,28.9601156,12,0.668171244159425,1,9217099231,İstanbul Üniversitesi Rıdvan Çelikel Arkeoloji Müzesi,single_seed,,,,,
cp_1465652948,Karabaş Hazretleri Türbesi,Karabaş Hazretleri Türbesi,historic,41.0272075,28.9803769,12,0.6681106852978391,1,1465652948,Karabaş Hazretleri Türbesi,single_seed,,,,,
cp_326372295,Yıldız Sarayı Müze Müdürlüğü,Yıldız Sarayı Müze Müdürlüğü,museum,41.0499954,29.0115888,10,0.6680331141098214,1,326372295,Yıldız Sarayı Müze Müdürlüğü,single_seed,,,,,
cp_1377881422,Yedekçiler Mescidi,Yedekçiler Mescidi,historic,41.0134228,28.9874256,12,0.6679372964518958,1,1377881422,Yedekçiler Mescidi,single_seed,,,,,
