date,trend_demand,temp_max,temp_min,temp_avg,precipitation,crowd_index,crowd_level,month,week_of_year,season_spring,season_summer,season_winter,weekofyear
2021-01-17,0.13389121338912136,9.0,3.6571428571428575,0.1565578019699326,0.43999999999999995,0.22591294728554048,Low,1,2,False,False,True,2
2021-01-24,0.0,8.671428571428573,3.0285714285714285,0.1498185588387766,0.018620689655172416,0.2412214297205985,Low,1,3,False,False,True,3
2021-01-31,0.0,10.885714285714286,4.957142857142857,0.21876620010368064,0.2655172413793103,0.21252641175524212,Low,1,4,False,False,True,4
2021-02-07,0.0,14.957142857142856,7.385714285714286,0.3286677034733023,0.03310344827586207,0.29197962138681827,Low,2,5,False,False,True,5
2021-02-14,0.0,12.614285714285714,7.228571428571429,0.2680145152928979,0.2924137931034483,0.2219215959671797,Low,2,6,False,False,True,6
2021-02-21,0.0,4.514285714285714,-0.8,0.007257646448937283,0.08413793103448275,0.18534970772778464,Low,2,7,False,False,True,7
2021-02-28,0.17154811715481172,10.571428571428571,2.5714285714285716,0.17470191809227578,0.0013793103448275863,0.3379087719361231,Medium,2,8,False,False,True,8
2021-03-07,0.0,10.085714285714284,2.757142857142857,0.17210990150336963,0.14482758620689656,0.22266745320963158,Low,3,9,True,False,False,9
2021-03-14,0.0,10.742857142857144,2.7857142857142856,0.17470191809227578,0.08896551724137931,0.23461747197940688,Low,3,10,True,False,False,10
2021-03-21,0.0,10.585714285714284,5.6571428571428575,0.2286158631415241,0.26482758620689656,0.21561924170107793,Low,3,11,True,False,False,11
2021-03-28,0.0,9.171428571428573,3.1142857142857143,0.1534473820632452,0.1413793103448276,0.21775835255000806,Low,3,12,True,False,False,12
2021-04-04,0.0,12.1,5.271428571428571,0.2540176257128045,0.04689655172413793,0.26682597736901376,Low,4,13,True,False,False,13
2021-04-11,0.33054393305439334,12.2,4.371428571428572,0.24157594608605498,0.2696551724137931,0.3838137158702546,Medium,4,14,True,False,False,14
2021-04-18,0.0,14.971428571428572,7.871428571428572,0.328149300155521,0.07034482758620689,0.28437582452941496,Low,4,15,True,False,False,15
2021-04-25,0.0,15.44285714285714,9.085714285714284,0.3810264385692068,0.09517241379310346,0.29527344881214135,Low,4,16,True,False,False,16
2021-05-02,0.0,20.714285714285715,10.742857142857142,0.48781752203214096,0.006206896551724137,0.3451038772992975,Medium,5,17,True,False,False,17
2021-05-09,0.0,22.1,13.042857142857144,0.5671332296526699,0.042068965517241375,0.36172617579235267,Medium,5,18,True,False,False,18
2021-05-16,0.0,21.67142857142857,11.214285714285714,0.5318818040435458,0.03103448275862069,0.3533576446613396,Medium,5,19,True,False,False,19
2021-05-23,0.0,21.97142857142857,14.071428571428571,0.5842405391394505,0.24413793103448275,0.3264445755349386,Low,5,20,True,False,False,20
2021-05-30,0.0,22.685714285714287,14.8,0.598755832037325,0.03172413793103448,0.3732819220249906,Medium,5,21,True,False,False,21
2021-06-06,0.4184100418410042,19.7,13.285714285714286,0.5386210471747019,0.17793103448275863,0.535205128176361,High,6,22,False,True,False,22
2021-06-13,0.0,25.1,16.928571428571427,0.6884396060134785,0.02413793103448276,0.40170429559714704,Medium,6,23,False,True,False,23
2021-06-20,0.0,21.585714285714285,15.914285714285716,0.6127527216174182,0.4517241379310345,0.2934809888990186,Low,6,24,False,True,False,24
2021-06-27,0.0,26.8,19.3,0.7708657335406945,0.013103448275862068,0.42863903040703594,Medium,6,25,False,True,False,25
2021-07-04,0.0,28.414285714285715,20.357142857142858,0.8159668221876619,0.1586206896551724,0.41306590872526405,Medium,7,26,False,True,False,26
2021-07-11,0.20502092050209209,26.085714285714285,21.057142857142857,0.7817522032141007,0.3393103448275862,0.46917405224975905,High,7,27,False,True,False,27
2021-07-18,0.4184100418410042,29.342857142857145,22.3,0.8615863141524105,0.0,0.6676809151662253,High,7,28,False,True,False,28
2021-07-25,0.21757322175732222,27.642857142857142,21.914285714285715,0.833592534992224,0.011724137931034483,0.5565195437901214,High,7,29,False,True,False,29
2021-08-01,0.28033472803347287,32.17142857142857,21.514285714285712,0.8952825298081908,0.0,0.6087521229591937,High,8,30,False,True,False,30
2021-08-08,0.23849372384937242,33.042857142857144,22.142857142857142,0.9206842923794714,0.05379310344827586,0.5846935289488724,High,8,31,False,True,False,31
2021-08-15,0.20083682008368203,28.82857142857143,20.142857142857142,0.8242612752721616,0.019310344827586205,0.5438347236579723,High,8,32,False,True,False,32
2021-08-22,0.21757322175732222,28.285714285714285,20.042857142857144,0.8045619491964748,0.006896551724137931,0.548775885292776,High,8,33,False,True,False,33
2021-08-29,0.0,30.342857142857145,21.571428571428573,0.8589942975635043,0.0,0.4576982892690513,High,8,34,False,True,False,34
2021-09-05,0.17991631799163182,26.142857142857142,19.0,0.7527216174183515,0.012413793103448275,0.5132918856006318,High,9,35,False,False,False,35
2021-09-12,0.0,24.057142857142857,17.47142857142857,0.6811819595645412,0.07034482758620689,0.390285622352121,Medium,9,36,False,False,False,36
2021-09-19,0.1882845188284519,26.0,17.514285714285712,0.7169517884914463,0.04413793103448276,0.5004002097547633,High,9,37,False,False,False,37
2021-09-26,0.34309623430962344,21.75714285714286,14.957142857142856,0.5997926386728876,0.08068965517241379,0.5353479777221952,High,9,38,False,False,False,38
2021-10-03,0.2092050209205021,19.585714285714285,14.885714285714286,0.5489891135303266,0.022068965517241378,0.46488545141590076,High,10,39,False,False,False,39
2021-10-10,0.17991631799163182,19.457142857142856,14.12857142857143,0.5225505443234837,0.04275862068965517,0.43817159815493,Medium,10,40,False,False,False,40
2021-10-17,0.2677824267782427,20.357142857142858,14.228571428571428,0.5406946604458267,0.15655172413793103,0.46478926669528314,High,10,41,False,False,False,41
2021-10-24,0.17991631799163182,17.257142857142856,11.614285714285714,0.4520476931052358,0.042758620689655163,0.4170207427894556,Medium,10,42,False,False,False,42
2021-10-31,0.2092050209205021,16.4,11.257142857142856,0.4193882840850182,0.006896551724137931,0.42903968534092896,Medium,10,43,False,False,False,43
2021-11-07,0.20502092050209209,18.82857142857143,12.671428571428573,0.49040953862104725,0.10758620689655173,0.42811608045804983,Medium,11,44,False,False,False,44
2021-11-14,0.20502092050209209,15.542857142857144,8.4,0.352514256091239,0.0496551724137931,0.39833370259565914,Medium,11,45,False,False,False,45
2021-11-21,0.12970711297071133,13.8,8.214285714285714,0.31726283048211507,0.004137931034482759,0.3592048194230937,Medium,11,46,False,False,False,46
2021-11-28,0.0,14.771428571428572,9.542857142857144,0.3846552617936755,0.22620689655172416,0.2701551992277578,Low,11,47,False,False,False,47
2021-12-05,0.0,15.342857142857143,9.2,0.3810264385692068,0.2013793103448276,0.27403206950179654,Low,12,48,False,False,True,48
2021-12-12,0.17154811715481172,15.414285714285713,9.9,0.38310005184033186,0.17655172413793105,0.3653937293019192,Medium,12,49,False,False,True,49
2021-12-19,0.27615062761506276,8.442857142857143,5.085714285714286,0.18247796785899428,0.36000000000000004,0.3208187041652296,Low,12,50,False,False,True,50
2021-12-26,0.1757322175732218,7.814285714285715,1.657142857142857,0.11715914981855885,0.014482758620689656,0.3201173020080406,Low,12,51,False,False,True,51
2022-01-02,0.0,13.028571428571428,8.071428571428571,0.31933644375324016,0.06482758620689655,0.2828354158845927,Low,1,52,False,False,True,52
2022-01-09,0.0,13.614285714285714,8.314285714285715,0.3297045101088647,0.010344827586206896,0.296842387515418,Low,1,1,False,False,True,1
2022-01-16,0.13389121338912136,7.071428571428571,2.2714285714285714,0.1031622602384655,0.1482758620689655,0.26823911235230724,Low,1,2,False,False,True,2
2022-01-23,0.0,5.685714285714285,-0.8142857142857143,0.04872991187143598,0.3158620689655172,0.15144655976832738,Low,1,3,False,False,True,3
2022-01-30,0.0,4.514285714285714,-1.0,0.006220839813374818,0.06551724137931034,0.18876280366815038,Low,1,4,False,False,True,4
2022-02-06,0.13389121338912136,8.085714285714285,1.542857142857143,0.11508553654743392,0.2613793103448276,0.24919540558982534,Low,2,5,False,False,True,5
2022-02-13,0.10041841004184102,9.614285714285714,2.6999999999999997,0.15448418869880767,0.46,0.20455446163056282,Low,2,6,False,False,True,6
2022-02-20,0.09205020920502094,10.44285714285714,2.4857142857142853,0.17988595127008813,0.033793103448275866,0.29323226929388174,Low,2,7,False,False,True,7
2022-02-27,0.1589958158995816,11.042857142857144,5.871428571428572,0.2384655261793675,0.25310344827586206,0.30041687614842866,Low,2,8,False,False,True,8
2022-03-06,0.11715481171548117,7.128571428571428,2.371428571428571,0.11249351995852772,0.04827586206896552,0.2826702894315058,Low,3,9,True,False,False,9
2022-03-13,0.23430962343096234,3.6714285714285713,0.0285714285714285,0.007257646448937283,0.13517241379310346,0.2922976228915417,Low,3,10,True,False,False,10
2022-03-20,0.196652719665272,6.185714285714285,-0.6571428571428571,0.0321410057024365,0.06344827586206896,0.29527900637095317,Low,3,11,True,False,False,11
2022-03-27,0.1757322175732218,9.857142857142858,2.457142857142857,0.150855365474339,0.032413793103448274,0.32663995980822297,Low,3,12,True,False,False,12
2022-04-03,0.12552301255230128,18.057142857142857,8.842857142857143,0.41938828408501805,0.05862068965517241,0.37685385357062157,Medium,4,13,True,False,False,13
2022-04-10,0.09205020920502094,17.514285714285712,7.571428571428571,0.37532400207361327,0.1372413793103448,0.3311740293625255,Low,4,14,True,False,False,14
2022-04-17,0.13807531380753138,14.814285714285717,6.628571428571429,0.31933644375324016,0.15586206896551724,0.3336661762366343,Low,4,15,True,False,False,15
2022-04-24,0.0,16.114285714285714,7.742857142857143,0.36236391912908245,0.08827586206896552,0.29105400332493164,Low,4,16,True,False,False,16
2022-05-01,0.29288702928870297,18.6,11.028571428571428,0.45723172628304826,0.0034482758620689655,0.4829233773568522,High,5,17,True,False,False,17
2022-05-08,0.24267782426778245,16.45714285714286,9.257142857142856,0.39294971487817515,0.03586206896551724,0.4320514128042403,Medium,5,18,True,False,False,18
2022-05-15,0.15481171548117156,21.785714285714285,11.014285714285714,0.5292897874546398,0.0,0.43619279397697774,Medium,5,19,True,False,False,19
2022-05-22,0.16317991631799164,22.928571428571427,11.085714285714284,0.5583203732503887,0.06137931034482759,0.4368102080651469,Medium,5,20,True,False,False,20
2022-05-29,0.22175732217573224,26.67142857142857,15.971428571428572,0.7081389320891653,0.0496551724137931,0.5133893062318571,High,5,21,True,False,False,21
2022-06-05,0.12552301255230128,26.557142857142857,18.414285714285715,0.7314670813893209,0.0,0.4822016306929469,High,6,22,False,True,False,22
2022-06-12,0.10878661087866111,25.342857142857145,17.385714285714283,0.6962156557801971,0.1696551724137931,0.42932696769063106,Medium,6,23,False,True,False,23
2022-06-19,0.2092050209205021,24.928571428571427,17.9,0.7091757387247279,0.0034482758620689655,0.5166655769052556,High,6,24,False,True,False,24
2022-06-26,0.3263598326359833,25.74285714285714,17.728571428571428,0.7350959046137895,0.12620689655172415,0.5584673083917837,High,6,25,False,True,False,25
2022-07-03,0.2468619246861925,26.87142857142857,19.7,0.7703473302229136,0.09241379310344827,0.5360524027892807,High,7,26,False,True,False,26
2022-07-10,0.3054393305439331,27.3,20.0,0.7812337998963192,0.18068965517241378,0.5509518742063796,High,7,27,False,True,False,27
2022-07-17,0.17154811715481172,27.314285714285713,18.714285714285715,0.7729393468118195,0.007586206896551725,0.5161386212416413,High,7,28,False,True,False,28
2022-07-24,0.2677824267782427,29.214285714285715,18.7,0.8081907724209434,0.0020689655172413794,0.575934652011956,High,7,29,False,True,False,29
2022-07-31,0.28033472803347287,30.12857142857143,21.485714285714288,0.8574390876101607,0.010344827586206896,0.5953301247825432,High,7,30,False,True,False,30
2022-08-07,0.17991631799163182,29.0,21.8,0.8501814411612234,0.004827586206896551,0.5440470741028036,High,8,31,False,True,False,31
2022-08-14,0.6778242677824269,29.114285714285717,21.67142857142857,0.8465526179367548,0.1372413793103448,0.765429643410171,High,8,32,False,True,False,32
2022-08-21,0.2468619246861925,28.457142857142856,20.957142857142856,0.8252980819077242,0.17793103448275863,0.5354341800188618,High,8,33,False,True,False,33
2022-08-28,0.21757322175732222,28.485714285714288,22.25714285714286,0.8413685847589425,0.10482758620689654,0.5402316690649646,High,8,34,False,True,False,34
2022-09-04,0.35983263598326365,27.8,21.642857142857142,0.8227060653188181,0.09103448275862068,0.6085212410355532,High,9,35,False,False,False,35
2022-09-11,0.23012552301255232,25.457142857142856,18.02857142857143,0.7117677553136339,0.006896551724137931,0.5272137777555388,High,9,36,False,False,False,36
2022-09-18,0.29707112970711297,26.0,17.314285714285713,0.7195438050803524,0.09793103448275861,0.5448124994811105,High,9,37,False,False,False,37
2022-09-25,0.20502092050209209,19.642857142857142,12.714285714285714,0.5215137376879213,0.10482758620689654,0.4379990643160431,Medium,9,38,False,False,False,38
2022-10-02,0.10878661087866111,25.314285714285713,16.742857142857144,0.702954898911353,0.07655172413793103,0.44996943028515024,High,10,39,False,False,False,39
2022-10-09,0.25523012552301255,20.4,14.571428571428571,0.5624675997926387,0.05172413793103448,0.486010515113091,High,10,40,False,False,False,40
2022-10-16,0.17154811715481172,19.74285714285714,14.671428571428573,0.5484707102125452,0.08827586206896552,0.4326600992273763,Medium,10,41,False,False,False,41
2022-10-23,0.16317991631799164,18.057142857142857,11.171428571428573,0.46708138932089166,0.006896551724137931,0.42033506461043574,Medium,10,42,False,False,False,42
2022-10-30,0.22175732217573224,19.97142857142857,10.971428571428572,0.47952306894764124,0.0,0.4547355817721585,High,10,43,False,False,False,43
2022-11-06,0.12133891213389122,20.3,10.428571428571429,0.47693105235873506,0.013793103448275862,0.400990151084911,Medium,11,44,False,False,False,44
2022-11-13,0.19246861924686193,16.728571428571428,9.342857142857143,0.40124416796267504,0.0006896551724137932,0.41646962897775075,Medium,11,45,False,False,False,45
2022-11-20,0.1673640167364017,18.542857142857144,12.657142857142857,0.5028512182477967,0.09379310344827586,0.4157787531528847,Medium,11,46,False,False,False,46
2022-11-27,0.16317991631799164,14.885714285714284,9.771428571428572,0.3820632452047693,0.15724137931034482,0.36476065585835765,Medium,11,47,False,False,False,47
2022-12-04,0.13807531380753138,13.785714285714286,9.185714285714283,0.34473820632452046,0.05379310344827587,0.36170049811146665,Medium,12,48,False,False,True,48
2022-12-11,0.12552301255230128,15.1,9.314285714285717,0.37013996889580086,0.01586206896551724,0.37063108315178744,Medium,12,49,False,False,True,49
2022-12-18,0.21757322175732222,15.3,8.514285714285714,0.36547433903576976,0.2262068965517241,0.3731875332790472,Medium,12,50,False,False,True,50
2022-12-25,0.1673640167364017,10.6,3.9857142857142858,0.2026956972524624,0.03172413793103448,0.33814588995773265,Medium,12,51,False,False,True,51
2023-01-01,0.1589958158995816,12.1,4.8,0.2337998963193364,0.005517241379310345,0.34853442856972966,Medium,1,52,False,False,True,52
2023-01-08,0.0,11.242857142857144,4.585714285714286,0.21721099015033696,0.028275862068965513,0.259508124631308,Low,1,1,False,False,True,1
2023-01-15,0.10878661087866111,11.971428571428572,6.285714285714286,0.2566096423017107,0.034482758620689655,0.3244796464057058,Low,1,2,False,False,True,2
2023-01-22,0.1589958158995816,15.785714285714286,8.242857142857144,0.36547433903576976,0.01586206896551724,0.38596779586741825,Medium,1,3,False,False,True,3
2023-01-29,0.10460251046025106,9.414285714285716,5.442857142857143,0.2026956972524624,0.08620689655172414,0.2958685850955194,Low,1,4,False,False,True,4
2023-02-05,0.0,6.757142857142857,1.242857142857143,0.08761016070502853,0.13655172413793104,0.19897270338392237,Low,2,5,False,False,True,5
2023-02-12,0.1589958158995816,4.885714285714286,0.0428571428571429,0.023328149300155518,0.2006896551724138,0.2463584217053547,Low,2,6,False,False,True,6
2023-02-19,0.0,9.642857142857142,2.5428571428571423,0.15966822187662,0.00896551724137931,0.24610736311471015,Low,2,7,False,False,True,7
2023-02-26,0.10041841004184102,14.542857142857144,5.857142857142857,0.29808190772420945,0.020689655172413793,0.33549584630370055,Medium,2,8,False,False,True,8
2023-03-05,0.17991631799163182,12.457142857142856,7.3,0.27682737169517885,0.12068965517241378,0.3488684394698868,Medium,3,9,True,False,False,9
2023-03-12,0.10878661087866111,14.857142857142858,8.828571428571427,0.3545878693623639,0.2006896551724138,0.320631735213557,Low,3,10,True,False,False,10
2023-03-19,0.09623430962343096,10.55714285714286,6.114285714285714,0.23068947641264903,0.26275862068965516,0.26477227359757916,Low,3,11,True,False,False,11
2023-03-26,0.0,14.471428571428572,6.014285714285714,0.2742353551062728,0.11724137931034483,0.25882233066981286,Low,3,12,True,False,False,12
2023-04-02,0.14225941422594143,13.571428571428571,6.1000000000000005,0.28978745463970973,0.33586206896551724,0.2908935297117802,Low,4,13,True,False,False,13
2023-04-09,0.09623430962343096,14.971428571428572,7.685714285714285,0.31933644375324016,0.13241379310344828,0.31743532931699786,Low,4,14,True,False,False,14
2023-04-16,0.13807531380753138,15.971428571428572,9.642857142857142,0.39035769828926903,0.19586206896551722,0.346972552597443,Medium,4,15,True,False,False,15
2023-04-23,0.13807531380753138,16.871428571428574,9.585714285714284,0.3960601347848627,0.03793103448275862,0.3802694904426728,Medium,4,16,True,False,False,16
2023-04-30,0.10460251046025106,15.828571428571427,8.542857142857143,0.3789528252980819,0.2537931034482758,0.31522848212989496,Low,4,17,True,False,False,17
2023-05-07,0.12133891213389122,18.885714285714283,10.642857142857142,0.44790046656298593,0.1917241379310345,0.3566947684496345,Medium,5,18,True,False,False,18
2023-05-14,0.1757322175732218,16.442857142857143,10.085714285714284,0.40487299118714365,0.012413793103448275,0.40684524752206436,Medium,5,19,True,False,False,19
2023-05-21,0.20083682008368203,20.585714285714285,12.528571428571428,0.5194401244167963,0.1268965517241379,0.4308711370220523,Medium,5,20,True,False,False,20
2023-05-28,0.1673640167364017,20.442857142857143,13.971428571428572,0.552099533437014,0.05448275862068966,0.4384153166751671,Medium,5,21,True,False,False,21
2023-06-04,0.17991631799163182,22.52857142857143,15.985714285714286,0.6251944012441679,0.14896551724137932,0.4477233759207905,High,6,22,False,True,False,22
2023-06-11,0.10878661087866111,23.042857142857144,15.871428571428572,0.6350440642820114,0.0006896551724137932,0.4447685936894512,Medium,6,23,False,True,False,23
2023-06-18,0.43514644351464443,24.514285714285712,17.614285714285714,0.6832555728356662,0.06551724137931034,0.60944644533216,High,6,24,False,True,False,24
2023-06-25,0.3054393305439331,26.74285714285714,18.385714285714283,0.747019180922758,0.17586206896551723,0.5416530057556904,High,6,25,False,True,False,25
2023-07-02,0.12133891213389122,28.3,16.82857142857143,0.7677553136340072,0.013793103448275862,0.4882374294674926,High,7,26,False,True,False,26
2023-07-09,0.1673640167364017,29.571428571428573,20.74285714285714,0.8284085018144116,0.16758620689655174,0.498687317533214,High,7,27,False,True,False,27
2023-07-16,0.23849372384937242,31.742857142857144,20.285714285714285,0.8818040435458787,0.0020689655172413794,0.5833742818850015,High,7,28,False,True,False,28
2023-07-23,0.1757322175732218,32.385714285714286,21.285714285714285,0.9035769828926905,0.0013793103448275863,0.5586633415854525,High,7,29,False,True,False,29
2023-07-30,0.196652719665272,31.028571428571432,19.17142857142857,0.8579574909279419,0.004137931034482759,0.554886020904122,High,7,30,False,True,False,30
2023-08-06,0.29707112970711297,32.785714285714285,21.228571428571428,0.909279419388284,0.004137931034482759,0.6204918044631451,High,8,31,False,True,False,31
2023-08-13,0.25941422594142266,28.714285714285715,21.585714285714285,0.8299637117677554,0.023448275862068966,0.5740065713286242,High,8,32,False,True,False,32
2023-08-20,0.196652719665272,30.514285714285712,23.12857142857143,0.8797304302747537,0.0034482758620689655,0.5615558337426483,High,8,33,False,True,False,33
2023-08-27,0.41004184100418417,31.142857142857142,22.657142857142855,0.8859512700881285,0.0,0.6708063015285306,High,8,34,False,True,False,34
2023-09-03,0.18410041841004188,30.785714285714285,21.3,0.8652151373768793,0.05172413793103448,0.5412699228318778,High,9,35,False,False,False,35
2023-09-10,0.25104602510460255,27.542857142857144,21.071428571428573,0.7983411093831001,0.012413793103448275,0.5625425867465417,High,9,36,False,False,False,36
2023-09-17,0.20083682008368203,27.12857142857143,17.228571428571428,0.7288750648004148,0.0,0.5190809294819654,High,9,37,False,False,False,37
2023-09-24,0.1757322175732218,28.057142857142857,16.67142857142857,0.7335406946604459,0.0,0.5079283171847446,High,9,38,False,False,False,38
2023-10-01,0.1882845188284519,24.82857142857143,18.585714285714285,0.6977708657335409,0.38758620689655177,0.42595627775497785,Medium,10,39,False,False,False,39
2023-10-08,0.0,22.728571428571428,14.4,0.6054950751684811,0.02689655172413793,0.37626921220571674,Medium,10,40,False,False,False,40
2023-10-15,0.14225941422594143,21.428571428571427,12.171428571428573,0.536547433903577,0.004827586206896551,0.4311284200426645,Medium,10,41,False,False,False,41
2023-10-22,0.21338912133891214,20.685714285714287,14.4,0.5572835666148264,0.11586206896551725,0.4507072168608005,High,10,42,False,False,False,42
2023-10-29,0.16317991631799164,24.24285714285714,17.085714285714285,0.6744427164333853,0.0027586206896551726,0.48337104895108035,High,10,43,False,False,False,43
2023-11-05,0.17991631799163182,22.985714285714288,16.585714285714285,0.6448937273198547,0.1910344827586207,0.4452193806400482,High,11,44,False,False,False,44
2023-11-12,0.0,20.82857142857143,13.94285714285714,0.5593571798859513,0.1696551724137931,0.33387611948302676,Low,11,45,False,False,False,45
2023-11-19,0.12133891213389122,15.071428571428571,8.871428571428572,0.3815448418869881,1.0,0.17513290863304204,Low,11,46,False,False,False,46
2023-11-26,0.0,16.157142857142855,9.0,0.39917055469155,0.1296551724137931,0.29382013192470635,Low,11,47,False,False,False,47
2023-12-03,0.0,15.471428571428572,10.671428571428573,0.40953862104717476,0.3213793103448276,0.2585857242451869,Low,12,48,False,False,True,48
2023-12-10,0.2092050209205021,11.114285714285714,7.557142857142857,0.2623120787973043,0.19862068965517238,0.3435719961684079,Medium,12,49,False,False,True,49
2023-12-17,0.11297071129707115,12.685714285714283,6.571428571428571,0.2835666148263349,0.23241379310344829,0.29507258147574644,Low,12,50,False,False,True,50
2023-12-24,0.21757322175732222,12.657142857142857,4.785714285714286,0.2509072058061172,0.09517241379310346,0.3650242898618756,Medium,12,51,False,False,True,51
2023-12-31,0.12133891213389122,14.585714285714287,7.5,0.3286677034733023,0.0034482758620689655,0.3585801119365225,Medium,12,52,False,False,True,52
2024-01-07,0.0,14.457142857142856,8.328571428571427,0.3545878693623639,0.0993103448275862,0.28651429184319194,Low,1,1,False,False,True,1
2024-01-14,0.12970711297071133,7.242857142857143,1.6571428571428573,0.10471747019180924,0.22896551724137934,0.25047569409462256,Low,1,2,False,False,True,2
2024-01-21,0.13807531380753138,12.385714285714286,6.6571428571428575,0.28149300155520995,0.3220689655172414,0.2890717642668804,Low,1,3,False,False,True,3
2024-01-28,0.15481171548117156,7.942857142857142,2.6,0.1306376360808709,0.07448275862068966,0.30170059684070916,Low,1,4,False,False,True,4
2024-02-04,0.0,7.685714285714285,2.5714285714285716,0.12856402280974596,0.05517241379310345,0.2275347240843031,Low,2,5,False,False,True,5
2024-02-11,0.0,15.857142857142858,10.44285714285714,0.39709694142042506,0.0027586206896551726,0.3185773582881965,Low,2,6,False,False,True,6
2024-02-18,0.0,10.585714285714284,6.285714285714286,0.24157594608605498,0.1917241379310345,0.23412795623960964,Low,2,7,False,False,True,7
2024-02-25,0.13807531380753138,13.142857142857142,3.9,0.2405391394504925,0.0,0.3411993987389135,Medium,2,8,False,False,True,8
2024-03-03,0.0,15.842857142857143,6.0,0.27527216174183516,0.004137931034482759,0.28175406231565403,Low,3,9,True,False,False,9
2024-03-10,0.17154811715481172,11.457142857142856,4.1,0.21047174701918092,0.15517241379310348,0.31788109992453945,Low,3,10,True,False,False,10
2024-03-17,0.13807531380753138,14.228571428571428,5.728571428571429,0.28719543805080355,0.14965517241379309,0.32526525383624816,Low,3,11,True,False,False,11
2024-03-24,0.0,11.94285714285714,2.242857142857143,0.20425090720580613,0.06896551724137931,0.24748216871346598,Low,3,12,True,False,False,12
2024-03-31,0.14644351464435149,19.585714285714285,9.228571428571428,0.4421980300673925,0.11172413793103447,0.38353633875618665,Medium,3,13,True,False,False,13
2024-04-07,0.2092050209205021,20.685714285714287,10.142857142857142,0.46967340590979784,0.00896551724137931,0.44371142878491454,Medium,4,14,True,False,False,14
2024-04-14,0.0,20.02857142857143,9.814285714285717,0.4504924831518922,0.0,0.33514774494556765,Medium,4,15,True,False,False,15
2024-04-21,0.14225941422594143,20.62857142857143,11.6,0.5194401244167963,0.26068965517241377,0.37482381340352683,Medium,4,16,True,False,False,16
2024-04-28,0.21757322175732222,20.514285714285712,13.328571428571427,0.534473820632452,0.18689655172413794,0.4317494467235691,Medium,4,17,True,False,False,17
2024-05-05,0.2468619246861925,17.042857142857144,11.2,0.44582685329186117,0.2,0.4171790183306546,Medium,5,18,True,False,False,18
2024-05-12,0.28451882845188287,19.957142857142856,10.171428571428573,0.4733022291342665,0.20758620689655174,0.442732841586911,Medium,5,19,True,False,False,19
2024-05-19,0.0,19.228571428571428,9.9,0.4556765163297046,0.08620689655172414,0.3194615755885666,Low,5,20,True,False,False,20
2024-05-26,0.0,21.75714285714286,13.528571428571428,0.5603939865215137,0.07793103448275862,0.3525319890599024,Medium,5,21,True,False,False,21
2024-06-02,0.1673640167364017,25.542857142857144,13.842857142857143,0.6594090202177294,0.017931034482758616,0.47791850753696796,High,6,22,False,True,False,22
2024-06-09,0.2259414225941423,30.47142857142857,19.17142857142857,0.8284085018144116,0.0,0.5614932618413946,High,6,23,False,True,False,23
2024-06-16,0.18410041841004188,31.814285714285713,19.428571428571427,0.8615863141524105,0.06620689655172414,0.5372847241403993,High,6,24,False,True,False,24
2024-06-23,0.2092050209205021,28.928571428571427,19.6,0.8066355624675998,0.0,0.546593179200531,High,6,25,False,True,False,25
2024-06-30,0.15481171548117156,28.085714285714285,20.17142857142857,0.8040435458786936,0.0,0.5186189215041939,High,6,26,False,True,False,26
2024-07-07,0.21757322175732222,29.6,19.557142857142857,0.8252980819077242,0.0606896551724138,0.5442381044164957,High,7,27,False,True,False,27
2024-07-14,0.13807531380753138,30.485714285714288,22.67142857142857,0.8916537065837222,0.11448275862068967,0.5136372171547444,High,7,28,False,True,False,28
2024-07-21,0.22175732217573224,33.1,23.928571428571427,0.955935717988595,0.00896551724137931,0.5958662730361688,High,7,29,False,True,False,29
2024-07-28,0.0,30.24285714285714,21.585714285714285,0.8771384136858476,0.04482758620689655,0.454176006864375,High,7,30,False,True,False,30
2024-08-04,0.393305439330544,30.342857142857145,20.75714285714286,0.8584758942457231,0.02275862068965517,0.6496437638010579,High,8,31,False,True,False,31
2024-08-11,0.23012552301255232,29.614285714285717,21.042857142857144,0.8486262312078796,0.006896551724137931,0.5682713205238125,High,8,32,False,True,False,32
2024-08-18,0.23430962343096234,30.485714285714288,22.014285714285712,0.8729911871435976,0.0,0.5790521678585605,High,8,33,False,True,False,33
2024-08-25,0.0,30.642857142857142,20.657142857142855,0.8434421980300675,0.017241379310344827,0.4495843835469513,High,8,34,False,True,False,34
2024-09-01,0.20083682008368203,28.02857142857143,20.114285714285717,0.807153965785381,0.10413793103448275,0.5217370135705588,High,9,35,False,False,False,35
2024-09-08,0.0,27.7,19.228571428571428,0.7703473302229136,0.17655172413793105,0.39579385423928787,Medium,9,36,False,False,False,36
2024-09-15,0.1589958158995816,28.6,19.685714285714287,0.8014515292897875,0.05448275862068966,0.5090368150125891,High,9,37,False,False,False,37
2024-09-22,0.20502092050209209,24.4,16.32857142857143,0.6583722135821668,0.13103448275862067,0.47381522777397195,High,9,38,False,False,False,38
2024-09-29,0.1589958158995816,27.12857142857143,16.714285714285715,0.6941420425090719,0.020000000000000004,0.48374052070251233,High,9,39,False,False,False,39
2024-10-06,0.0,24.0,15.514285714285714,0.6423017107309485,0.23931034482758623,0.34482844425376735,Medium,10,40,False,False,False,40
2024-10-13,0.15062761506276154,23.4,16.142857142857142,0.6433385173665112,0.0303448275862069,0.4622463972240927,High,10,41,False,False,False,41
2024-10-20,0.0,18.242857142857144,10.457142857142856,0.439087610160705,0.032413793103448274,0.32524352442752186,Low,10,42,False,False,False,42
2024-10-27,0.0,17.985714285714288,10.44285714285714,0.4333851736651114,0.004137931034482759,0.3291879658926369,Low,10,43,False,False,False,43
2024-11-03,0.0,18.285714285714285,10.885714285714286,0.44634525660964247,0.007586206896551725,0.3323863356035824,Low,11,44,False,False,False,44
2024-11-10,0.5648535564853557,15.485714285714286,8.885714285714286,0.3685847589424573,0.0006896551724137932,0.5928642748909323,High,11,45,False,False,False,45
2024-11-17,0.0,15.0,10.571428571428571,0.38621047174701917,0.0503448275862069,0.30579417600686437,Low,11,46,False,False,False,46
2024-11-24,0.0,15.37142857142857,6.285714285714286,0.3291861067910834,0.4531034482758621,0.20813514238215264,Low,11,47,False,False,False,47
2024-12-01,0.0,12.042857142857144,6.657142857142857,0.2680145152928979,0.004827586206896551,0.27943883734649005,Low,12,48,False,False,True,48
2024-12-08,0.15481171548117156,12.771428571428572,9.028571428571428,0.31829963711767756,0.14068965517241377,0.3447578178414063,Medium,12,49,False,False,True,49
2024-12-15,0.0,11.87142857142857,7.171428571428572,0.27630896837739755,0.5172413793103449,0.1794444146511503,Low,12,50,False,False,True,50
2024-12-22,0.22175732217573224,11.385714285714286,6.471428571428571,0.2524624157594608,0.15517241379310345,0.3555829030570837,Medium,12,51,False,False,True,51
2024-12-29,0.6359832635983264,11.1,6.885714285714286,0.25505443234836706,0.19724137931034483,0.5550596856416044,High,12,52,False,False,True,52
2025-01-05,0.0,10.5,4.785714285714286,0.20943494038361848,0.10689655172413792,0.24145117177025796,Low,1,1,False,False,True,1
2025-01-12,0.0,12.985714285714286,7.628571428571428,0.3074131674442716,0.10482758620689654,0.27125843299190217,Low,1,2,False,False,True,2
2025-01-19,0.0,8.357142857142858,3.4285714285714284,0.1399688958009331,0.2475862068965517,0.1924734273609696,Low,1,3,False,False,True,3
2025-01-26,0.17154811715481172,11.257142857142856,4.5,0.21461897356143078,0.13655172413793104,0.3228494058182489,Low,1,4,False,False,True,4
2025-02-02,0.0,13.342857142857143,6.985714285714286,0.28304821150855375,0.0006896551724137932,0.2847765324180834,Low,2,5,False,False,True,5
2025-02-09,0.0,6.257142857142857,2.5,0.08605495075168479,0.13517241379310346,0.19878200246688477,Low,2,6,False,False,True,6
2025-02-16,0.0,7.785714285714286,2.157142857142857,0.10938310005184032,0.18827586206896552,0.19515975760175902,Low,2,7,False,False,True,7
2025-02-23,0.0,3.9428571428571426,-0.1285714285714286,0.0,0.27172413793103445,0.1456551724137931,Low,2,8,False,False,True,8
2025-03-02,0.0,10.642857142857142,1.757142857142857,0.14774494556765166,0.02689655172413793,0.2389441733254679,Low,3,9,True,False,False,9
2025-03-09,0.0,11.6,3.814285714285714,0.19336443753240024,0.013103448275862068,0.25538864160454766,Low,3,10,True,False,False,10
2025-03-16,0.0,22.37142857142857,11.957142857142856,0.5360290305857958,0.00896551724137931,0.3590156057274629,Medium,3,11,True,False,False,11
2025-03-23,0.4184100418410042,12.44285714285714,3.928571428571429,0.2275790565059616,0.16689655172413792,0.444099427527463,Medium,3,12,True,False,False,12
2025-03-30,0.1882845188284519,20.52857142857143,10.757142857142856,0.4738206324520478,0.033793103448275866,0.42952982846018506,Medium,3,13,True,False,False,13
2025-04-06,0.0,16.400000000000002,8.442857142857143,0.3566614826334888,0.1703448275862069,0.27292947927280525,Low,4,14,True,False,False,14
2025-04-13,0.2092050209205021,10.114285714285714,4.0,0.1918092275790565,0.17379310344827587,0.3273866580443129,Low,4,15,True,False,False,15
2025-04-20,0.19246861924686193,19.457142857142856,7.185714285714285,0.3851736651114567,0.0027586206896551726,0.41123468501893695,Medium,4,16,True,False,False,16
2025-04-27,0.0,19.042857142857144,10.114285714285714,0.4396060134784862,0.006206896551724138,0.33064042473320104,Low,4,17,True,False,False,17
2025-05-04,0.393305439330544,16.228571428571428,8.457142857142857,0.37065837221358217,0.05103448275862069,0.4976433347776225,High,5,18,True,False,False,18
2025-05-11,0.0,23.67142857142857,13.914285714285716,0.6153447382063246,0.05517241379310345,0.3735689387032767,Medium,5,19,True,False,False,19
2025-05-18,0.0,19.985714285714288,11.2,0.49144634525660963,0.13034482758620689,0.32136493805974153,Low,5,20,True,False,False,20
2025-05-25,0.19246861924686193,26.771428571428572,15.242857142857144,0.6972524624157594,0.020689655172413793,0.501272117313676,High,5,21,True,False,False,21
2025-06-01,0.0,22.314285714285713,14.44285714285714,0.6003110419906688,0.16689655172413792,0.34671400225237303,Medium,6,22,False,True,False,22
2025-06-08,0.15481171548117156,28.414285714285715,17.385714285714286,0.7620528771384139,0.0006896551724137932,0.5058837898476272,High,6,23,False,True,False,23
2025-06-15,0.0,26.928571428571427,18.5,0.7433903576982892,0.0006896551724137932,0.42287917627500404,Medium,6,24,False,True,False,24
2025-06-22,0.0,28.642857142857142,18.17142857142857,0.7858994297563504,0.0006896551724137932,0.4356318978924224,Medium,6,25,False,True,False,25
2025-06-29,0.1673640167364017,31.885714285714283,19.82857142857143,0.8786936236391913,0.004827586206896551,0.5463245782185788,High,6,26,False,True,False,26
2025-07-06,0.1673640167364017,29.75714285714286,19.1,0.8221876620010369,0.0,0.5303383069685119,High,7,27,False,True,False,27
2025-07-13,0.0,32.15714285714286,20.9,0.8880248833592534,0.0,0.466407465007776,High,7,28,False,True,False,28
2025-07-20,0.20083682008368203,31.585714285714285,21.557142857142857,0.9004665629860031,0.0,0.570558378937642,High,7,29,False,True,False,29
2025-07-27,0.21338912133891214,35.357142857142854,23.457142857142856,0.9999999999999998,0.0,0.606694560669456,High,7,30,False,True,False,30
2025-08-03,0.0,31.314285714285713,23.057142857142857,0.911353032659409,0.006206896551724137,0.47216453048747786,High,8,31,False,True,False,31
2025-08-10,0.21757322175732222,30.542857142857144,23.185714285714287,0.8947641264904096,0.012413793103448275,0.5747330902050943,High,8,32,False,True,False,32
2025-08-17,0.0,29.028571428571432,22.7,0.8626231207879731,0.0,0.45878693623639194,High,8,33,False,True,False,33
2025-08-24,0.19246861924686193,29.6,20.342857142857145,0.8330741316744428,0.01517241379310345,0.5431220663671431,High,8,34,False,True,False,34
2025-08-31,0.0,28.585714285714285,20.214285714285715,0.8107827890098498,0.0,0.44323483670295494,Medium,8,35,False,True,False,35
2025-09-07,0.1589958158995816,28.085714285714285,20.785714285714285,0.8113011923276308,0.08689655172413793,0.5055089553032523,High,9,36,False,False,False,36
2025-09-14,0.0,25.985714285714288,18.928571428571427,0.7350959046137895,0.009655172413793102,0.41859773690137825,Medium,9,37,False,False,False,37
2025-09-21,0.0,24.771428571428572,16.928571428571427,0.6837739761534474,0.019310344827586208,0.40127012388051697,Medium,9,38,False,False,False,38
2025-09-28,0.0,23.8,16.942857142857143,0.6583722135821668,0.01586206896551724,0.3943392502815466,Medium,9,39,False,False,False,39
2025-10-05,0.0,20.342857142857145,14.457142857142856,0.5588387765681702,0.1179310344827586,0.34406542607389934,Medium,10,40,False,False,False,40
2025-10-12,0.2259414225941423,18.071428571428573,12.671428571428573,0.492483151892172,0.2013793103448276,0.4204397947957572,Medium,10,41,False,False,False,41
2025-10-19,0.2259414225941423,18.385714285714283,13.214285714285714,0.49922239502332816,0.07793103448275862,0.44715122290751785,High,10,42,False,False,False,42
2025-10-26,0.0,19.75714285714286,13.142857142857142,0.5251425609123899,0.5496551724137931,0.24761173379095835,Low,10,43,False,False,False,43
2025-11-02,0.0,19.642857142857142,11.185714285714283,0.47589424572317257,0.09724137931034482,0.32331999785488286,Low,11,44,False,False,False,44
2025-11-09,0.0,19.457142857142856,13.614285714285714,0.5209953343701399,0.05103448275862069,0.34609170375931786,Medium,11,45,False,False,False,45
2025-11-16,0.0,16.485714285714288,10.3,0.41472265422498694,0.15379310344827588,0.2936581755778409,Low,11,46,False,False,False,46
2025-11-23,0.0,20.24285714285714,14.385714285714286,0.5505443234836702,0.011724137931034483,0.3628184694588942,Medium,11,47,False,False,False,47
2025-11-30,0.0,16.257142857142856,10.771428571428572,0.4126490409538621,0.1103448275862069,0.3017257467689173,Low,11,48,False,False,False,48
2025-12-07,0.0,15.214285714285714,8.714285714285714,0.3514774494556764,0.3275862068965517,0.23992599345739257,Low,12,49,False,False,True,49
2025-12-14,0.0,11.714285714285714,7.142857142857143,0.27682737169517885,0.028965517241379312,0.2772551080602778,Low,12,50,False,False,True,50
2025-12-21,0.0,12.3,5.728571428571429,0.24572317262830484,0.007586206896551725,0.2721997104091811,Low,12,51,False,False,True,51
2025-12-28,0.7489539748953975,10.014285714285714,6.042857142857143,0.23120787973043028,0.12137931034482757,0.6195634892978623,High,12,52,False,False,True,52
2026-01-04,0.26359832635983266,8.9,3.3142857142857145,0.16796267496111977,0.1682758620689655,0.3485327932544592,Medium,1,1,False,False,True,1
2026-01-11,0.28451882845188287,14.3,7.242857142857142,0.3359253499222395,0.43931034482758624,0.35517495023709605,Medium,1,2,False,False,True,2
2026-01-18,0.3179916317991632,6.6571428571428575,2.514285714285714,0.1010886469673406,0.12551724137931033,0.36421896171392176,Medium,1,3,False,False,True,3
2026-01-25,0.4184100418410042,9.342857142857143,4.685714285714285,0.18247796785899428,0.09034482758620689,0.44587944576095906,High,1,4,False,False,True,4
2026-02-01,0.27196652719665276,12.742857142857144,8.257142857142856,0.30896837739761535,0.27655172413793105,0.37336343199002475,Medium,2,5,False,False,True,5
2026-02-08,0.25104602510460255,11.471428571428572,6.0,0.24779678589942977,0.20551724137931035,0.35875860004626814,Medium,2,6,False,False,True,6
2026-02-15,0.6820083682008369,13.3,7.8428571428571425,0.30482115085536543,0.10137931034482758,0.6121746672880626,High,2,7,False,False,True,7
2026-02-22,0.25523012552301255,13.342857142857143,6.585714285714286,0.2835666148263349,0.19448275862068967,0.3737884954852688,Medium,2,8,False,False,True,8
2026-03-01,0.2092050209205021,8.557142857142857,3.914285714285714,0.16018662519440124,0.0813793103448276,0.33638263594960593,Medium,3,9,True,False,False,9
2026-03-08,0.13389121338912136,11.757142857142856,3.5142857142857147,0.19854847071021253,0.006206896551724138,0.3252687685972796,Low,3,10,True,False,False,10
2026-03-15,0.21757322175732222,12.12857142857143,5.614285714285714,0.22291342664593056,0.004137931034482759,0.37483305266554373,Medium,3,11,True,False,False,11
2026-03-22,0.25523012552301255,9.714285714285714,6.028571428571429,0.21617418351477452,0.23931034482758623,0.34460524885042143,Medium,3,12,True,False,False,12
2026-03-29,0.3221757322175733,12.628571428571428,7.728571428571429,0.2944530844997407,0.43586206896551727,0.3622513776656054,Medium,3,13,True,False,False,13
2026-04-05,0.27196652719665276,16.32857142857143,9.457142857142856,0.3799896319336443,0.3703448275862069,0.3759111876611783,Medium,4,14,True,False,False,14
2026-04-12,0.2677824267782427,14.557142857142855,5.714285714285714,0.2960082944530846,0.08827586206896552,0.4050385293112536,Medium,4,15,True,False,False,15
2026-04-19,0.2677824267782427,16.342857142857145,7.685714285714286,0.3499222395023328,0.0013793103448275863,0.43859202317085566,Medium,4,16,True,False,False,16
2026-04-26,1.0,18.12857142857143,8.185714285714285,0.4085018144116122,0.1289655172413793,0.7967574408752078,High,4,17,True,False,False,17
2026-05-03,0.9623430962343097,15.028571428571428,8.028571428571428,0.34473820632452046,0.15586206896551724,0.7534205962214076,High,5,18,True,False,False,18
