xid,name,dist,rate,osm,wikidata,kinds,point,query_area,lat,lon,wikipedia,wikidata_detail,url,address,preview_source,town,suburb,country_code,wikipedia_extracts,display_name_en,category_clean,poi_id,source,dist_from_query_center_m,wikipedia_url,address_raw,is_obvious_noise,norm_name,lat_round,lon_round,dedupe_key,candidate_count_same_key,needs_review
N7215645385,The Blue Mosque,18.13616229,7,node/7215645385,Q80541,"religion,mosques,interesting_places","{'lon': 28.976892471313477, 'lat': 41.005252838134766}",Sultanahmet Core,41.005252838134766,28.976892471313477,https://en.wikipedia.org/wiki/Sultan%20Ahmed%20Mosque,Q80541,https://www.geziyerler.com/sultan-ahmet-camii;http://www.bluemosque.co/,"{'town': 'Fatih', 'house': 'Sultanahmet Camii', 'state': 'Marmara Bölgesi', 'suburb': 'Sultan Ahmet Mahallesi', 'country': 'Türkiye', 'postcode': '34122', 'pedestrian': 'Atmeydanı Caddesi', 'country_code': 'tr', 'house_number': '7'}",https://upload.wikimedia.org/wikipedia/commons/thumb/5/56/Sultan_Ahmed_Mosque_Istanbul_Turkey_retouched.jpg/400px-Sultan_Ahmed_Mosque_Istanbul_Turkey_retouched.jpg,Fatih,Sultan Ahmet Mahallesi,tr,"{'title': 'en:Sultan Ahmed Mosque', 'text': 'Sultan Ahmed Mosque (Turkish: Sultan Ahmet Camii), also known as the Blue Mosque, is an Ottoman-era historical imperial mosque located in Istanbul, Turkey. A functioning mosque, it also attracts large numbers of tourist visitors. It was constructed between 1609 and 1616 during the rule of Ahmed I. Its Külliye contains Ahmed\'s tomb, a madrasah and a hospice. Hand-painted blue tiles adorn the mosque’s interior walls, and at night the mosque is bathed in blue as lights frame the mosque’s five main domes, six minarets and eight secondary domes. It sits next to the Hagia Sophia, the principal mosque of Istanbul until the Blue Mosque\'s construction and another popular tourist site. The Blue Mosque was included in the UNESCO World Heritage Site list in 1985 under the name of ""Historic Areas of Istanbul"".', 'html': '<p><b>Sultan Ahmed Mosque</b> (Turkish: <i lang=""tr"">Sultan Ahmet Camii</i>), also known as the <b>Blue Mosque</b>, is an Ottoman-era historical imperial mosque located in Istanbul, Turkey. A functioning mosque, it also attracts large numbers of tourist visitors. It was constructed between 1609 and 1616 during the rule of Ahmed I. Its Külliye contains Ahmed\'s tomb, a madrasah and a hospice. Hand-painted blue tiles adorn the mosque’s interior walls, and at night the mosque is bathed in blue as lights frame the mosque’s five main domes, six minarets and eight secondary domes. It sits next to the Hagia Sophia, the principal mosque of Istanbul until the Blue Mosque\'s construction and another popular tourist site. The Blue Mosque was included in the UNESCO World Heritage Site list in 1985 under the name of ""Historic Areas of Istanbul"".</p>'}",The Blue Mosque,religious,otm_N7215645385,opentripmap,18.13616229,https://en.wikipedia.org/wiki/Sultan%20Ahmed%20Mosque,"{'town': 'Fatih', 'house': 'Sultanahmet Camii', 'state': 'Marmara Bölgesi', 'suburb': 'Sultan Ahmet Mahallesi', 'country': 'Türkiye', 'postcode': '34122', 'pedestrian': 'Atmeydanı Caddesi', 'country_code': 'tr', 'house_number': '7'}",False,the blue mosque,41.0053,28.9769,Q80541,2,1
R1555271,Hagia Sophia Grand Mosque,57.237152,7,relation/1555271,Q12506,"religion,mosques,churches,cultural,museums,interesting_places,other_museums,catholic_churches","{'lon': 28.980009078979492, 'lat': 41.008506774902344}",Hagia Sophia / Basilica Cistern,41.008506774902344,28.980009078979492,https://en.wikipedia.org/wiki/Hagia%20Sophia,Q12506,https://muze.gen.tr/muze-detay/ayasofya;https://www.geziyerler.com/ayasofya-muzesi,"{'city': 'Cankurtaran Mahallesi', 'road': 'Bab-I Hümayun Caddesi', 'town': 'Fatih', 'state': 'Marmara Bölgesi', 'country': 'Türkiye', 'postcode': '34122', 'country_code': 'tr', 'neighbourhood': 'Cankurtaran'}",https://upload.wikimedia.org/wikipedia/commons/thumb/2/22/Hagia_Sophia_Mars_2013.jpg/400px-Hagia_Sophia_Mars_2013.jpg,Fatih,,tr,"{'title': 'en:Hagia Sophia', 'text': ""Hagia Sophia (Turkish: Ayasofya; Koinē Greek: Ἁγία Σοφία, romanized: Hagía Sophía; Latin: Sancta Sophia, lit.\u2009'Holy Wisdom'), officially the Holy Hagia Sophia Grand Mosque (Turkish: Ayasofya-i Kebir Cami-i Şerifi), and formerly the Church of Hagia Sophia (Turkish: Ayasofya Kilisesi; Greek: Ναός της Αγίας του Θεού Σοφίας, romanized: Naós tis Ayías tou Theoú Sofías; Latin: Ecclesia Sanctae Sophiae), is a Late Antique place of worship in Istanbul, designed by the Greek geometers Isidore of Miletus and Anthemius of Tralles. Built in 537 as the patriarchal cathedral of the imperial capital of Constantinople, it was the largest Christian church of the eastern Roman Empire (the Byzantine Empire) and the Eastern Orthodox Church, except during the Latin Empire from 1204 to 1261, when it became the city's Latin Catholic cathedral. In 1453, after the Fall of Constantinople to the Ottoman Empire, it was converted into a mosque. In 1935, under the direction of Mustafa Kemal Atatürk, the secular Republic of Turkey established it as a museum. In 2020, under the direction of Recep Tayyip Erdoğan, it re-opened as a mosque."", 'html': '<p><b>Hagia Sophia</b> (Turkish: <i lang=""tr"">Ayasofya</i>; Koinē Greek: <span lang=""grc"">Ἁγία Σοφία</span>, <small>romanized:&nbsp;</small><i lang=""grc-x-koine-Latn"" title=""Koinē Greek-language romanization"">Hagía Sophía</i>; Latin: <i lang=""la"">Sancta Sophia</i>, <small>lit.\u2009</small>\'Holy Wisdom\'), officially the <b>Holy Hagia Sophia Grand Mosque</b> (Turkish: <i lang=""tr"">Ayasofya-i Kebir Cami-i Şerifi</i>), and formerly the <b>Church of Hagia Sophia</b> (Turkish: <i lang=""tr"">Ayasofya Kilisesi</i>; Greek: <span lang=""el"">Ναός της Αγίας του Θεού Σοφίας</span>, <small>romanized:&nbsp;</small><i lang=""el-Latn"" title=""Greek-language romanization"">Naós tis Ayías tou Theoú Sofías</i>; Latin: <i lang=""la"">Ecclesia Sanctae Sophiae</i>), is a Late Antique place of worship in Istanbul, designed by the Greek geometers Isidore of Miletus and Anthemius of Tralles. Built in 537 as the patriarchal cathedral of the imperial capital of Constantinople, it was the largest Christian church of the eastern Roman Empire (the Byzantine Empire) and the Eastern Orthodox Church, except during the Latin Empire from 1204 to 1261, when it became the city\'s Latin Catholic cathedral. In 1453, after the Fall of Constantinople to the Ottoman Empire, it was converted into a mosque. In 1935, under the direction of Mustafa Kemal Atatürk, the secular Republic of Turkey established it as a museum. In 2020, under the direction of Recep Tayyip Erdoğan, it re-opened as a mosque.</p>'}",Hagia Sophia Grand Mosque,museum,otm_R1555271,opentripmap,57.237152,https://en.wikipedia.org/wiki/Hagia%20Sophia,"{'city': 'Cankurtaran Mahallesi', 'road': 'Bab-I Hümayun Caddesi', 'town': 'Fatih', 'state': 'Marmara Bölgesi', 'country': 'Türkiye', 'postcode': '34122', 'country_code': 'tr', 'neighbourhood': 'Cankurtaran'}",False,hagia sophia grand mosque,41.0085,28.98,Q12506,2,1
W109862851,The Hagia Sophia Grand Mosque,57.237152,7,way/109862851,Q12506,"religion,mosques,churches,cultural,museums,interesting_places,other_museums,catholic_churches","{'lon': 28.980009078979492, 'lat': 41.008506774902344}",Hagia Sophia / Basilica Cistern,41.008506774902344,28.980009078979492,https://en.wikipedia.org/wiki/Hagia%20Sophia,Q12506,https://muze.gen.tr/muze-detay/ayasofya;https://muze.gen.tr/,"{'city': 'İstanbul', 'town': 'Fatih', 'state': 'Marmara Bölgesi', 'suburb': 'Eminönü', 'country': 'Türkiye', 'postcode': '34122', 'country_code': 'tr'}",https://upload.wikimedia.org/wikipedia/commons/thumb/2/22/Hagia_Sophia_Mars_2013.jpg/400px-Hagia_Sophia_Mars_2013.jpg,Fatih,Eminönü,tr,"{'title': 'en:Hagia Sophia', 'text': ""Hagia Sophia (Turkish: Ayasofya; Koinē Greek: Ἁγία Σοφία, romanized: Hagía Sophía; Latin: Sancta Sophia, lit.\u2009'Holy Wisdom'), officially the Holy Hagia Sophia Grand Mosque (Turkish: Ayasofya-i Kebir Cami-i Şerifi), and formerly the Church of Hagia Sophia (Turkish: Ayasofya Kilisesi; Greek: Ναός της Αγίας του Θεού Σοφίας, romanized: Naós tis Ayías tou Theoú Sofías; Latin: Ecclesia Sanctae Sophiae), is a Late Antique place of worship in Istanbul, designed by the Greek geometers Isidore of Miletus and Anthemius of Tralles. Built in 537 as the patriarchal cathedral of the imperial capital of Constantinople, it was the largest Christian church of the eastern Roman Empire (the Byzantine Empire) and the Eastern Orthodox Church, except during the Latin Empire from 1204 to 1261, when it became the city's Latin Catholic cathedral. In 1453, after the Fall of Constantinople to the Ottoman Empire, it was converted into a mosque. In 1935, under the direction of Mustafa Kemal Atatürk, the secular Republic of Turkey established it as a museum. In 2020, under the direction of Recep Tayyip Erdoğan, it re-opened as a mosque."", 'html': '<p><b>Hagia Sophia</b> (Turkish: <i lang=""tr"">Ayasofya</i>; Koinē Greek: <span lang=""grc"">Ἁγία Σοφία</span>, <small>romanized:&nbsp;</small><i lang=""grc-x-koine-Latn"" title=""Koinē Greek-language romanization"">Hagía Sophía</i>; Latin: <i lang=""la"">Sancta Sophia</i>, <small>lit.\u2009</small>\'Holy Wisdom\'), officially the <b>Holy Hagia Sophia Grand Mosque</b> (Turkish: <i lang=""tr"">Ayasofya-i Kebir Cami-i Şerifi</i>), and formerly the <b>Church of Hagia Sophia</b> (Turkish: <i lang=""tr"">Ayasofya Kilisesi</i>; Greek: <span lang=""el"">Ναός της Αγίας του Θεού Σοφίας</span>, <small>romanized:&nbsp;</small><i lang=""el-Latn"" title=""Greek-language romanization"">Naós tis Ayías tou Theoú Sofías</i>; Latin: <i lang=""la"">Ecclesia Sanctae Sophiae</i>), is a Late Antique place of worship in Istanbul, designed by the Greek geometers Isidore of Miletus and Anthemius of Tralles. Built in 537 as the patriarchal cathedral of the imperial capital of Constantinople, it was the largest Christian church of the eastern Roman Empire (the Byzantine Empire) and the Eastern Orthodox Church, except during the Latin Empire from 1204 to 1261, when it became the city\'s Latin Catholic cathedral. In 1453, after the Fall of Constantinople to the Ottoman Empire, it was converted into a mosque. In 1935, under the direction of Mustafa Kemal Atatürk, the secular Republic of Turkey established it as a museum. In 2020, under the direction of Recep Tayyip Erdoğan, it re-opened as a mosque.</p>'}",The Hagia Sophia Grand Mosque,museum,otm_W109862851,opentripmap,57.237152,https://en.wikipedia.org/wiki/Hagia%20Sophia,"{'city': 'İstanbul', 'town': 'Fatih', 'state': 'Marmara Bölgesi', 'suburb': 'Eminönü', 'country': 'Türkiye', 'postcode': '34122', 'country_code': 'tr'}",False,the hagia sophia grand mosque,41.0085,28.98,Q12506,2,1
W103953125,Tomb of Sultan Ahmet,155.64108709,7,way/103953125,Q80541,"religion,mosques,interesting_places","{'lon': 28.97703742980957, 'lat': 41.00679016113281}",Sultanahmet Core,41.00679016113281,28.97703742980957,https://en.wikipedia.org/wiki/Sultan%20Ahmed%20Mosque,Q80541,http://www.bluemosque.co/,"{'town': 'Fatih', 'state': 'Marmara Bölgesi', 'suburb': 'Sultan Ahmet Mahallesi', 'country': 'Türkiye', 'postcode': '34122', 'pedestrian': 'Atmeydanı Caddesi', 'country_code': 'tr'}",https://upload.wikimedia.org/wikipedia/commons/thumb/5/56/Sultan_Ahmed_Mosque_Istanbul_Turkey_retouched.jpg/400px-Sultan_Ahmed_Mosque_Istanbul_Turkey_retouched.jpg,Fatih,Sultan Ahmet Mahallesi,tr,"{'title': 'en:Sultan Ahmed Mosque', 'text': 'Sultan Ahmed Mosque (Turkish: Sultan Ahmet Camii), also known as the Blue Mosque, is an Ottoman-era historical imperial mosque located in Istanbul, Turkey. A functioning mosque, it also attracts large numbers of tourist visitors. It was constructed between 1609 and 1616 during the rule of Ahmed I. Its Külliye contains Ahmed\'s tomb, a madrasah and a hospice. Hand-painted blue tiles adorn the mosque’s interior walls, and at night the mosque is bathed in blue as lights frame the mosque’s five main domes, six minarets and eight secondary domes. It sits next to the Hagia Sophia, the principal mosque of Istanbul until the Blue Mosque\'s construction and another popular tourist site. The Blue Mosque was included in the UNESCO World Heritage Site list in 1985 under the name of ""Historic Areas of Istanbul"".', 'html': '<p><b>Sultan Ahmed Mosque</b> (Turkish: <i lang=""tr"">Sultan Ahmet Camii</i>), also known as the <b>Blue Mosque</b>, is an Ottoman-era historical imperial mosque located in Istanbul, Turkey. A functioning mosque, it also attracts large numbers of tourist visitors. It was constructed between 1609 and 1616 during the rule of Ahmed I. Its Külliye contains Ahmed\'s tomb, a madrasah and a hospice. Hand-painted blue tiles adorn the mosque’s interior walls, and at night the mosque is bathed in blue as lights frame the mosque’s five main domes, six minarets and eight secondary domes. It sits next to the Hagia Sophia, the principal mosque of Istanbul until the Blue Mosque\'s construction and another popular tourist site. The Blue Mosque was included in the UNESCO World Heritage Site list in 1985 under the name of ""Historic Areas of Istanbul"".</p>'}",Tomb of Sultan Ahmet,religious,otm_W103953125,opentripmap,155.64108709,https://en.wikipedia.org/wiki/Sultan%20Ahmed%20Mosque,"{'town': 'Fatih', 'state': 'Marmara Bölgesi', 'suburb': 'Sultan Ahmet Mahallesi', 'country': 'Türkiye', 'postcode': '34122', 'pedestrian': 'Atmeydanı Caddesi', 'country_code': 'tr'}",False,tomb of sultan ahmet,41.0068,28.977,Q80541,2,1
W326372295,Yıldız Palace,700.92397167,7,way/326372295,Q911734,"palaces,architecture,historic_architecture,cultural,museums,interesting_places,other_museums","{'lon': 29.01161766052246, 'lat': 41.05007553100586}",Yildiz Palace,41.05007553100586,29.01161766052246,https://en.wikipedia.org/wiki/Y%C4%B1ld%C4%B1z%20Palace,Q911734,https://muze.gen.tr/,"{'city': 'Yıldız Mahallesi', 'road': 'Serencebey Yokuşu', 'town': 'Beşiktaş', 'state': 'Marmara Bölgesi', 'country': 'Türkiye', 'postcode': '34349', 'country_code': 'tr'}",https://upload.wikimedia.org/wikipedia/commons/thumb/b/b5/%C4%B0stanbul_5716.jpg/400px-%C4%B0stanbul_5716.jpg,Beşiktaş,,tr,"{'title': 'en:Yıldız Palace', 'text': 'Yıldız Palace (Turkish: Yıldız Sarayı, IPA: [jɯɫˈdɯz saɾaˈjɯ]) is a vast complex of former imperial Ottoman pavilions and villas in Istanbul, Turkey, built in the 19th and early 20th centuries. It was used as a residence by the Sultan and his court in the late 19th century.Yıldız Palace, meaning ""Star Palace"", was built in 1880 and was used by the Ottoman Sultan Abdülhamid II. The area of the palace was originally made of natural woodlands and became an imperial estate during the reign of Sultan Ahmed I (1603-1617). Various sultans after Ahmed I enjoyed vacationing on these lands and Sultans Abdülmecid I and Abdülaziz built mansions here.', 'html': '<p><b>Yıldız Palace</b> (Turkish: <i lang=""tr"">Yıldız Sarayı</i>, <small>IPA:&nbsp;</small><span title=""Representation in the International Phonetic Alphabet (IPA)"">[jɯɫˈdɯz saɾaˈjɯ]</span>) is a vast complex of former imperial Ottoman pavilions and villas in Istanbul, Turkey, built in the 19th and early 20th centuries. It was used as a residence by the Sultan and his court in the late 19th century.</p><p>Yıldız Palace, meaning ""Star Palace"", was built in 1880 and was used by the Ottoman Sultan Abdülhamid II. The area of the palace was originally made of natural woodlands and became an imperial estate during the reign of Sultan Ahmed I (1603-1617). Various sultans after Ahmed I enjoyed vacationing on these lands and Sultans Abdülmecid I and Abdülaziz built mansions here.</p>'}",Yıldız Palace,museum,otm_W326372295,opentripmap,700.92397167,https://en.wikipedia.org/wiki/Y%C4%B1ld%C4%B1z%20Palace,"{'city': 'Yıldız Mahallesi', 'road': 'Serencebey Yokuşu', 'town': 'Beşiktaş', 'state': 'Marmara Bölgesi', 'country': 'Türkiye', 'postcode': '34349', 'country_code': 'tr'}",False,y ld z palace,41.0501,29.0116,Q911734,2,1
N4477143891,Yıldız Palace,770.38013658,7,node/4477143891,Q911734,"palaces,architecture,historic_architecture,interesting_places","{'lon': 29.011703491210938, 'lat': 41.05071258544922}",Yildiz Palace,41.05071258544922,29.011703491210938,https://en.wikipedia.org/wiki/Y%C4%B1ld%C4%B1z%20Palace,Q911734,https://muze.gen.tr/,"{'city': 'Yıldız Mahallesi', 'town': 'Beşiktaş', 'state': 'Marmara Bölgesi', 'country': 'Türkiye', 'postcode': '34349', 'country_code': 'tr'}",https://upload.wikimedia.org/wikipedia/commons/thumb/b/b5/%C4%B0stanbul_5716.jpg/400px-%C4%B0stanbul_5716.jpg,Beşiktaş,,tr,"{'title': 'en:Yıldız Palace', 'text': 'Yıldız Palace (Turkish: Yıldız Sarayı, IPA: [jɯɫˈdɯz saɾaˈjɯ]) is a vast complex of former imperial Ottoman pavilions and villas in Istanbul, Turkey, built in the 19th and early 20th centuries. It was used as a residence by the Sultan and his court in the late 19th century.Yıldız Palace, meaning ""Star Palace"", was built in 1880 and was used by the Ottoman Sultan Abdülhamid II. The area of the palace was originally made of natural woodlands and became an imperial estate during the reign of Sultan Ahmed I (1603-1617). Various sultans after Ahmed I enjoyed vacationing on these lands and Sultans Abdülmecid I and Abdülaziz built mansions here.', 'html': '<p><b>Yıldız Palace</b> (Turkish: <i lang=""tr"">Yıldız Sarayı</i>, <small>IPA:&nbsp;</small><span title=""Representation in the International Phonetic Alphabet (IPA)"">[jɯɫˈdɯz saɾaˈjɯ]</span>) is a vast complex of former imperial Ottoman pavilions and villas in Istanbul, Turkey, built in the 19th and early 20th centuries. It was used as a residence by the Sultan and his court in the late 19th century.</p><p>Yıldız Palace, meaning ""Star Palace"", was built in 1880 and was used by the Ottoman Sultan Abdülhamid II. The area of the palace was originally made of natural woodlands and became an imperial estate during the reign of Sultan Ahmed I (1603-1617). Various sultans after Ahmed I enjoyed vacationing on these lands and Sultans Abdülmecid I and Abdülaziz built mansions here.</p>'}",Yıldız Palace,historic,otm_N4477143891,opentripmap,770.38013658,https://en.wikipedia.org/wiki/Y%C4%B1ld%C4%B1z%20Palace,"{'city': 'Yıldız Mahallesi', 'town': 'Beşiktaş', 'state': 'Marmara Bölgesi', 'country': 'Türkiye', 'postcode': '34349', 'country_code': 'tr'}",False,y ld z palace,41.0507,29.0117,Q911734,2,1
N7294561685,Chora Mosque,905.67963045,7,node/7294561685,Q849489,"religion,mosques,churches,cultural,museums,interesting_places,other_museums,other_churches","{'lon': 28.939090728759766, 'lat': 41.031097412109375}",Balat / Fener,41.031097412109375,28.939090728759766,https://en.wikipedia.org/wiki/Chora%20Church,Q849489,https://muze.gen.tr/muze-detay/kariye,"{'city': 'Derviş Ali Mahallesi', 'road': 'Kariye Cami Sokak', 'town': 'Fatih', 'house': 'Kariye Müzesi', 'state': 'Marmara Bölgesi', 'country': 'Türkiye', 'postcode': '34087', 'country_code': 'tr', 'house_number': '18'}",https://upload.wikimedia.org/wikipedia/commons/thumb/1/1a/KariyeCamii-Aussenansicht.jpg/293px-KariyeCamii-Aussenansicht.jpg,Fatih,,tr,"{'title': 'en:Chora Church', 'text': 'The Kariye Mosque (Turkish: Kariye Camii), or the Church of the Holy Saviour in Chora (Greek: Ἐκκλησία τοῦ Ἁγίου Σωτῆρος ἐν τῇ Χώρᾳ), is a medieval Greek Orthodox church used as a mosque today in the Edirnekapı neighborhood of Istanbul, Turkey. The neighborhood is situated in the western part of the municipality (belediye) of the Fatih district. The Church of the Holy Saviour in Chora was built in the style of Byzantine architecture. In the 16th century, during the Ottoman era, the Christian church was converted into a mosque; it became a museum in 1945, and was turned back into a mosque in 2020 by President Erdogan but the mosque reversion has been halted as of January 2021 due to lack of Islamic cultural significance and clerical interest, compared to the Hagia Sophia. The interior of the building is covered with some of the oldest and finest surviving Byzantine Christian mosaics and frescoes; they were uncovered and restored after the building was secularized and turned into a museum.', 'html': '<p>The <b>Kariye Mosque</b> (Turkish: <i lang=""tr"">Kariye Camii</i>), or the <b>Church of the Holy Saviour in Chora</b> (Greek: <span lang=""el"">Ἐκκλησία τοῦ Ἁγίου Σωτῆρος ἐν τῇ Χώρᾳ</span>), is a medieval Greek Orthodox church used as a mosque today in the Edirnekapı neighborhood of Istanbul, Turkey. The neighborhood is situated in the western part of the municipality (belediye) of the Fatih district. The Church of the Holy Saviour in Chora was built in the style of Byzantine architecture. In the 16th century, during the Ottoman era, the Christian church was converted into a mosque; it became a museum in 1945, and was turned back into a mosque in 2020 by President Erdogan but the mosque reversion has been halted as of January 2021 due to lack of Islamic cultural significance and clerical interest, compared to the Hagia Sophia. The interior of the building is covered with some of the oldest and finest surviving Byzantine Christian mosaics and frescoes; they were uncovered and restored after the building was secularized and turned into a museum.</p>'}",Chora Mosque,museum,otm_N7294561685,opentripmap,905.67963045,https://en.wikipedia.org/wiki/Chora%20Church,"{'city': 'Derviş Ali Mahallesi', 'road': 'Kariye Cami Sokak', 'town': 'Fatih', 'house': 'Kariye Müzesi', 'state': 'Marmara Bölgesi', 'country': 'Türkiye', 'postcode': '34087', 'country_code': 'tr', 'house_number': '18'}",False,chora mosque,41.0311,28.9391,Q849489,2,1
W32395058,Kariye Museum,912.68333948,7,way/32395058,Q849489,"religion,mosques,churches,cultural,museums,interesting_places,other_museums,other_churches","{'lon': 28.939029693603516, 'lat': 41.03120040893555}",Balat / Fener,41.03120040893555,28.939029693603516,https://en.wikipedia.org/wiki/Chora%20Church,Q849489,https://muze.gen.tr/muze-detay/kariye,"{'city': 'Derviş Ali Mahallesi', 'road': 'Kariye Cami Sokak', 'town': 'Fatih', 'house': 'Kariye Müzesi', 'state': 'Marmara Bölgesi', 'country': 'Türkiye', 'postcode': '34087', 'country_code': 'tr', 'house_number': '18'}",https://upload.wikimedia.org/wikipedia/commons/thumb/1/1a/KariyeCamii-Aussenansicht.jpg/293px-KariyeCamii-Aussenansicht.jpg,Fatih,,tr,"{'title': 'en:Chora Church', 'text': 'The Kariye Mosque (Turkish: Kariye Camii), or the Church of the Holy Saviour in Chora (Greek: Ἐκκλησία τοῦ Ἁγίου Σωτῆρος ἐν τῇ Χώρᾳ), is a medieval Greek Orthodox church used as a mosque today in the Edirnekapı neighborhood of Istanbul, Turkey. The neighborhood is situated in the western part of the municipality (belediye) of the Fatih district. The Church of the Holy Saviour in Chora was built in the style of Byzantine architecture. In the 16th century, during the Ottoman era, the Christian church was converted into a mosque; it became a museum in 1945, and was turned back into a mosque in 2020 by President Erdogan but the mosque reversion has been halted as of January 2021 due to lack of Islamic cultural significance and clerical interest, compared to the Hagia Sophia. The interior of the building is covered with some of the oldest and finest surviving Byzantine Christian mosaics and frescoes; they were uncovered and restored after the building was secularized and turned into a museum.', 'html': '<p>The <b>Kariye Mosque</b> (Turkish: <i lang=""tr"">Kariye Camii</i>), or the <b>Church of the Holy Saviour in Chora</b> (Greek: <span lang=""el"">Ἐκκλησία τοῦ Ἁγίου Σωτῆρος ἐν τῇ Χώρᾳ</span>), is a medieval Greek Orthodox church used as a mosque today in the Edirnekapı neighborhood of Istanbul, Turkey. The neighborhood is situated in the western part of the municipality (belediye) of the Fatih district. The Church of the Holy Saviour in Chora was built in the style of Byzantine architecture. In the 16th century, during the Ottoman era, the Christian church was converted into a mosque; it became a museum in 1945, and was turned back into a mosque in 2020 by President Erdogan but the mosque reversion has been halted as of January 2021 due to lack of Islamic cultural significance and clerical interest, compared to the Hagia Sophia. The interior of the building is covered with some of the oldest and finest surviving Byzantine Christian mosaics and frescoes; they were uncovered and restored after the building was secularized and turned into a museum.</p>'}",Kariye Museum,museum,otm_W32395058,opentripmap,912.68333948,https://en.wikipedia.org/wiki/Chora%20Church,"{'city': 'Derviş Ali Mahallesi', 'road': 'Kariye Cami Sokak', 'town': 'Fatih', 'house': 'Kariye Müzesi', 'state': 'Marmara Bölgesi', 'country': 'Türkiye', 'postcode': '34087', 'country_code': 'tr', 'house_number': '18'}",False,kariye museum,41.0312,28.939,Q849489,2,1
R7318154,Rumeli Fortress,8.97832631,3,relation/7318154,Q90801,"fortifications,historic,cultural,museums,interesting_places,castles,history_museums","{'lon': 29.056764602661133, 'lat': 41.08497619628906}",Rumeli Hisari,41.08497619628906,29.056764602661133,https://en.wikipedia.org/wiki/Rumelihisar%C4%B1,Q90801,https://muze.gen.tr/muze-detay/rumeli;https://muze.gen.tr/,"{'road': 'Yahya Kemal Caddesi', 'town': 'Sarıyer', 'state': 'Marmara Bölgesi', 'suburb': 'Rumeli Hisarı Mahallesi', 'country': 'Türkiye', 'postcode': '34470', 'country_code': 'tr'}",https://upload.wikimedia.org/wikipedia/commons/thumb/3/34/Twierdza_Rumeli_Istambu%C5%82_RB1.jpg/400px-Twierdza_Rumeli_Istambu%C5%82_RB1.jpg,Sarıyer,Rumeli Hisarı Mahallesi,tr,"{'title': 'en:Rumelihisarı', 'text': 'Rumelihisarı (also known as Rumelian Castle and Roumeli Hissar Castle) or Boğazkesen Castle (meaning ""Strait-Blocker Castle"" or literally ""Throat-Cutter Castle"") is a medieval fortress located in Istanbul, Turkey, on a series of hills on the European banks of the Bosphorus. The fortress also lends its name to the immediate neighborhood around it in the city\'s Sarıyer district.', 'html': '<p><b>Rumelihisarı</b> (also known as <b>Rumelian Castle</b> and <b>Roumeli Hissar Castle</b>) or <b>Boğazkesen Castle</b> (meaning ""Strait-Blocker Castle"" or literally ""Throat-Cutter Castle"") is a medieval fortress located in Istanbul, Turkey, on a series of hills on the European banks of the Bosphorus. The fortress also lends its name to the immediate neighborhood around it in the city\'s Sarıyer district.</p>'}",Rumeli Fortress,museum,otm_R7318154,opentripmap,8.97832631,https://en.wikipedia.org/wiki/Rumelihisar%C4%B1,"{'road': 'Yahya Kemal Caddesi', 'town': 'Sarıyer', 'state': 'Marmara Bölgesi', 'suburb': 'Rumeli Hisarı Mahallesi', 'country': 'Türkiye', 'postcode': '34470', 'country_code': 'tr'}",False,rumeli fortress,41.085,29.0568,Q90801,2,1
W102190099,Osman ağa Mosque,16.34999761,3,way/102190099,Q6029146,"religion,mosques,interesting_places","{'lon': 29.026123046875, 'lat': 40.990840911865234}",Kadikoy Historic Center,40.990840911865234,29.026123046875,https://tr.wikipedia.org/wiki/Osmana%C4%9Fa%20Camii,Q6029146,,"{'city': 'Osmanağa Mahallesi', 'town': 'Kadıköy', 'state': 'Marmara Bölgesi', 'country': 'Türkiye', 'postcode': '34714', 'pedestrian': 'Yağlıkçı İsmail Sokağı', 'country_code': 'tr'}",https://upload.wikimedia.org/wikipedia/commons/thumb/9/9d/2021-04-04_Osmanaga-camii-Kadikoy.jpg/400px-2021-04-04_Osmanaga-camii-Kadikoy.jpg,Kadıköy,,tr,"{'title': 'tr:Osmanağa Camii', 'text': 'Osmanağa Camii ya da Osman Ağa Camii, Kadı Mehmet Efendi Mescidi harap olunca yerine 1. Sultan Ahmet’in Babussaade Ağası Osman Ağa tarafından 1612 yılında yaptırılmıştır. Zamanla bu camii de harap olunca, 1811 yılında 2. Sultan Mahmut tarafından yenilenmiş, fakat 1878’de Kadıköy’de vukua gelen yangın sonunda bu da yanmış, aynı yılda bugünkü camii inşa edilmiştir. Camii bahçesindeki çınar ağacı 1880 yılında caminin imamı Mehmet Asım Efendi tarafından dikilmiştir.', 'html': '<p><b>Osmanağa Camii</b> ya da <b>Osman Ağa Camii</b>, Kadı Mehmet Efendi Mescidi harap olunca yerine 1. Sultan Ahmet’in Babussaade Ağası Osman Ağa tarafından 1612 yılında yaptırılmıştır. Zamanla bu camii de harap olunca, 1811 yılında 2. Sultan Mahmut tarafından yenilenmiş, fakat 1878’de Kadıköy’de vukua gelen yangın sonunda bu da yanmış, aynı yılda bugünkü camii inşa edilmiştir. Camii bahçesindeki çınar ağacı 1880 yılında caminin imamı Mehmet Asım Efendi tarafından dikilmiştir.</p>'}",Osman ağa Mosque,religious,otm_W102190099,opentripmap,16.34999761,https://tr.wikipedia.org/wiki/Osmana%C4%9Fa%20Camii,"{'city': 'Osmanağa Mahallesi', 'town': 'Kadıköy', 'state': 'Marmara Bölgesi', 'country': 'Türkiye', 'postcode': '34714', 'pedestrian': 'Yağlıkçı İsmail Sokağı', 'country_code': 'tr'}",False,osman aga mosque,40.9908,29.0261,Q6029146,2,1
N6919989286,Ortaköy Mosque,32.9746791,3,node/6919989286,Q176380,"religion,mosques,interesting_places","{'lon': 29.02560806274414, 'lat': 41.04729080200195}",Ortakoy,41.04729080200195,29.02560806274414,https://en.wikipedia.org/wiki/Ortak%C3%B6y%20Mosque,Q176380,,"{'city': 'Mecidiye Mahallesi', 'town': 'Beşiktaş', 'house': 'Ortaköy Meydanı', 'state': 'Marmara Bölgesi', 'country': 'Türkiye', 'postcode': '34347', 'pedestrian': 'İskele Sokağı', 'country_code': 'tr'}",https://upload.wikimedia.org/wikipedia/commons/thumb/2/23/Istanbul_asv2020-02_img61_Ortak%C3%B6y_Mosque.jpg/333px-Istanbul_asv2020-02_img61_Ortak%C3%B6y_Mosque.jpg,Beşiktaş,,tr,"{'title': 'en:Ortaköy Mosque', 'text': 'Ortaköy Mosque (Turkish: Ortaköy Camii) officially the Büyük Mecidiye Camii (Grand Imperial Mosque of Sultan Abdülmecid) in Beşiktaş, Istanbul, Turkey, is situated at the waterside of the Ortaköy pier square, one of the most popular locations on the Bosphorus. This structure is symbolic of the district of Ortaköy as it has a distinctive view of the Bosphorus Strait of Istanbul and the Bosphorus Bridge. The mosque can be viewed from the Bosphorus Cruise that is popular among tourists, to go from the Asian side of Istanbul to the European side on a ferry boat.', 'html': '<p><b>Ortaköy Mosque</b> (Turkish: <i lang=""tr"">Ortaköy Camii</i>) officially the <b>Büyük Mecidiye Camii</b> (Grand Imperial Mosque of Sultan Abdülmecid) in Beşiktaş, Istanbul, Turkey, is situated at the waterside of the Ortaköy pier square, one of the most popular locations on the Bosphorus. This structure is symbolic of the district of Ortaköy as it has a distinctive view of the Bosphorus Strait of Istanbul and the Bosphorus Bridge. The mosque can be viewed from the Bosphorus Cruise that is popular among tourists, to go from the Asian side of Istanbul to the European side on a ferry boat.</p>'}",Ortaköy Mosque,religious,otm_N6919989286,opentripmap,32.9746791,https://en.wikipedia.org/wiki/Ortak%C3%B6y%20Mosque,"{'city': 'Mecidiye Mahallesi', 'town': 'Beşiktaş', 'house': 'Ortaköy Meydanı', 'state': 'Marmara Bölgesi', 'country': 'Türkiye', 'postcode': '34347', 'pedestrian': 'İskele Sokağı', 'country_code': 'tr'}",False,ortakoy mosque,41.0473,29.0256,Q176380,2,1
N269370709,Rumelihisarı,58.4712948,3,node/269370709,Q90801,"fortifications,historic,interesting_places,castles","{'lon': 29.056476593017578, 'lat': 41.084434509277344}",Rumeli Hisari,41.084434509277344,29.056476593017578,https://en.wikipedia.org/wiki/Rumelihisar%C4%B1,Q90801,https://muze.gen.tr/,"{'road': 'Yahya Kemal Caddesi', 'town': 'Sarıyer', 'state': 'Marmara Bölgesi', 'suburb': 'Rumeli Hisarı Mahallesi', 'country': 'Türkiye', 'postcode': '34470', 'country_code': 'tr'}",https://upload.wikimedia.org/wikipedia/commons/thumb/3/34/Twierdza_Rumeli_Istambu%C5%82_RB1.jpg/400px-Twierdza_Rumeli_Istambu%C5%82_RB1.jpg,Sarıyer,Rumeli Hisarı Mahallesi,tr,"{'title': 'en:Rumelihisarı', 'text': 'Rumelihisarı (also known as Rumelian Castle and Roumeli Hissar Castle) or Boğazkesen Castle (meaning ""Strait-Blocker Castle"" or literally ""Throat-Cutter Castle"") is a medieval fortress located in Istanbul, Turkey, on a series of hills on the European banks of the Bosphorus. The fortress also lends its name to the immediate neighborhood around it in the city\'s Sarıyer district.', 'html': '<p><b>Rumelihisarı</b> (also known as <b>Rumelian Castle</b> and <b>Roumeli Hissar Castle</b>) or <b>Boğazkesen Castle</b> (meaning ""Strait-Blocker Castle"" or literally ""Throat-Cutter Castle"") is a medieval fortress located in Istanbul, Turkey, on a series of hills on the European banks of the Bosphorus. The fortress also lends its name to the immediate neighborhood around it in the city\'s Sarıyer district.</p>'}",Rumelihisarı,historic,otm_N269370709,opentripmap,58.4712948,https://en.wikipedia.org/wiki/Rumelihisar%C4%B1,"{'road': 'Yahya Kemal Caddesi', 'town': 'Sarıyer', 'state': 'Marmara Bölgesi', 'suburb': 'Rumeli Hisarı Mahallesi', 'country': 'Türkiye', 'postcode': '34470', 'country_code': 'tr'}",False,rumelihisar,41.0844,29.0565,Q90801,2,1
W498861735,Ortaköy Mosque,69.51346995,3,way/498861735,Q176380,"religion,mosques,interesting_places","{'lon': 29.026826858520508, 'lat': 41.04729461669922}",Ortakoy,41.04729461669922,29.026826858520508,,,,,,,,,,Ortaköy Mosque,religious,otm_W498861735,opentripmap,69.51346995,,,False,ortakoy mosque,41.0473,29.0268,Q176380,2,1
W600269984,Eyüp Sultan Mosque,80.30487137,3,way/600269984,Q956677,"religion,mosques,interesting_places","{'lon': 28.93349838256836, 'lat': 41.047603607177734}",Eyup / Pierre Loti,41.047603607177734,28.93349838256836,,,,,,,,,,Eyüp Sultan Mosque,religious,otm_W600269984,opentripmap,80.30487137,,,False,eyup sultan mosque,41.0476,28.9335,Q956677,2,1
W261821356,Eyüp Sultan Mosque,86.50039127,3,way/261821356,Q956677,"religion,mosques,interesting_places","{'lon': 28.93372917175293, 'lat': 41.048011779785156}",Eyup / Pierre Loti,41.048011779785156,28.93372917175293,,,,,,,,,,Eyüp Sultan Mosque,religious,otm_W261821356,opentripmap,86.50039127,,,False,eyup sultan mosque,41.048,28.9337,Q956677,2,1
W61736367,Beylerbeyi Palace,87.1573519,3,way/61736367,Q794349,"palaces,architecture,historic_architecture,cultural,museums,interesting_places,other_museums","{'lon': 29.040014266967773, 'lat': 41.042694091796875}",Beylerbeyi Palace,41.042694091796875,29.040014266967773,,,,,,,,,,Beylerbeyi Palace,museum,otm_W61736367,opentripmap,87.1573519,,,False,beylerbeyi palace,41.0427,29.04,Q794349,2,1
W24826707,Dolmabahçe Palace,101.15102693,3,way/24826707,Q274141,"gardens_and_parks,cultural,urban_environment,interesting_places","{'lon': 28.99953842163086, 'lat': 41.038963317871094}",Dolmabahce,41.038963317871094,28.99953842163086,,,,,,,,,,Dolmabahçe Palace,attraction,otm_W24826707,opentripmap,101.15102693,,,False,dolmabahce palace,41.039,28.9995,Q274141,3,1
W175516451,Dolmabahce Palace,109.12901391,3,way/175516451,Q274141,"palaces,architecture,historic_architecture,cultural,museums,interesting_places,other_museums","{'lon': 28.999526977539062, 'lat': 41.038780212402344}",Dolmabahce,41.038780212402344,28.999526977539062,,,,,,,,,,Dolmabahce Palace,museum,otm_W175516451,opentripmap,109.12901391,,,False,dolmabahce palace,41.0388,28.9995,Q274141,3,1
N1964555485,Beylerbeyi Palace,111.08306623,3,node/1964555485,Q794349,"palaces,architecture,historic_architecture,interesting_places","{'lon': 29.041749954223633, 'lat': 41.04167556762695}",Beylerbeyi Palace,41.04167556762695,29.041749954223633,,,,,,,,,,Beylerbeyi Palace,historic,otm_N1964555485,opentripmap,111.08306623,,,False,beylerbeyi palace,41.0417,29.0417,Q794349,2,1
W263949137,Dolmabahçe Palace,111.66312965,3,way/263949137,Q274141,"palaces,architecture,historic_architecture,cultural,museums,interesting_places,other_museums","{'lon': 29.00181007385254, 'lat': 41.03975296020508}",Dolmabahce,41.03975296020508,29.00181007385254,,,,,,,,,,Dolmabahçe Palace,museum,otm_W263949137,opentripmap,111.66312965,,,False,dolmabahce palace,41.0398,29.0018,Q274141,3,1
W822870615,New Mosque Square,118.22234564,3,way/822870615,Q911720,"religion,mosques,interesting_places","{'lon': 28.97157859802246, 'lat': 41.01670455932617}",Eminonu / Spice Bazaar,41.01670455932617,28.97157859802246,,,,,,,,,,New Mosque Square,religious,otm_W822870615,opentripmap,118.22234564,,,False,new mosque square,41.0167,28.9716,Q911720,2,1
W333931123,Mihrimah Sultan Camii,126.94815319,3,way/333931123,Q2537376,"religion,mosques,interesting_places","{'lon': 29.016056060791016, 'lat': 41.02674102783203}",Uskudar Waterfront,41.02674102783203,29.016056060791016,,,,,,,,,,Mihrimah Sultan Camii,religious,otm_W333931123,opentripmap,126.94815319,,,False,mihrimah sultan camii,41.0267,29.0161,Q2537376,4,1
W333931122,Mihrimah Sultan Camii,130.27950973,3,way/333931122,Q2537376,"religion,mosques,interesting_places","{'lon': 29.016098022460938, 'lat': 41.026756286621094}",Uskudar Waterfront,41.026756286621094,29.016098022460938,,,,,,,,,,Mihrimah Sultan Camii,religious,otm_W333931122,opentripmap,130.27950973,,,False,mihrimah sultan camii,41.0268,29.0161,Q2537376,4,1
W333931124,Mihrimah Sultan Camii,130.61499322,3,way/333931124,Q2537376,"religion,mosques,interesting_places","{'lon': 29.015914916992188, 'lat': 41.0268440246582}",Uskudar Waterfront,41.0268440246582,29.015914916992188,,,,,,,,,,Mihrimah Sultan Camii,religious,otm_W333931124,opentripmap,130.61499322,,,False,mihrimah sultan camii,41.0268,29.0159,Q2537376,4,1
W319020883,Istanbul Archaeological Museum,133.08462291,3,way/319020883,Q636978,"national_museums,archaeological_museums,cultural,museums,interesting_places,history_museums","{'lon': 28.98172950744629, 'lat': 41.01164627075195}",Topkapi Palace,41.01164627075195,28.98172950744629,,,,,,,,,,Istanbul Archaeological Museum,museum,otm_W319020883,opentripmap,133.08462291,,,False,istanbul archaeological museum,41.0116,28.9817,Q636978,2,1
N1908677124,Milion,161.46893638,3,node/1908677124,Q1187329,"milestones,architecture,historic_architecture,historic,monuments_and_memorials,interesting_places,destroyed_objects,monuments","{'lon': 28.977983474731445, 'lat': 41.00806427001953}",Hagia Sophia / Basilica Cistern,41.00806427001953,28.977983474731445,,,,,,,,,,Milion,historic,otm_N1908677124,opentripmap,161.46893638,,,False,milion,41.0081,28.978,Q1187329,2,1
R7574356,New Mosque,167.98856242,3,relation/7574356,Q911720,"religion,mosques,interesting_places","{'lon': 28.972124099731445, 'lat': 41.01690673828125}",Eminonu / Spice Bazaar,41.01690673828125,28.972124099731445,,,,,,,,,,New Mosque,religious,otm_R7574356,opentripmap,167.98856242,,,False,new mosque,41.0169,28.9721,Q911720,2,1
N5108843107,Milion Stone,170.40079152,3,node/5108843107,Q1187329,"milestones,architecture,historic_architecture,historic,monuments_and_memorials,interesting_places,destroyed_objects,monuments","{'lon': 28.977874755859375, 'lat': 41.00798416137695}",Hagia Sophia / Basilica Cistern,41.00798416137695,28.977874755859375,,,,,,,,,,Milion Stone,historic,otm_N5108843107,opentripmap,170.40079152,,,False,milion stone,41.008,28.9779,Q1187329,2,1
W180546853,Basilica Cistern,172.25768396,3,way/180546853,Q216511,"palaces,architecture,historic_architecture,historic,archaeology,interesting_places,other_archaeological_sites","{'lon': 28.977922439575195, 'lat': 41.00840377807617}",Hagia Sophia / Basilica Cistern,41.00840377807617,28.977922439575195,,,,,,,,,,Basilica Cistern,historic,otm_W180546853,opentripmap,172.25768396,,,False,basilica cistern,41.0084,28.9779,Q216511,2,1
R9534796,Mihrimah Sultan Mosque,178.2689898,3,relation/9534796,Q2537376,"religion,mosques,interesting_places","{'lon': 29.016155242919922, 'lat': 41.0272331237793}",Uskudar Waterfront,41.0272331237793,29.016155242919922,,,,,,,,,,Mihrimah Sultan Mosque,religious,otm_R9534796,opentripmap,178.2689898,,,False,mihrimah sultan mosque,41.0272,29.0162,Q2537376,4,1
R12097039,Istanbul Archaeology Museums,192.50692684,3,relation/12097039,Q636978,"national_museums,archaeological_museums,cultural,museums,interesting_places,history_museums","{'lon': 28.98102378845215, 'lat': 41.01168441772461}",Topkapi Palace,41.01168441772461,28.98102378845215,,,,,,,,,,Istanbul Archaeology Museums,museum,otm_R12097039,opentripmap,192.50692684,,,False,istanbul archaeology museums,41.0117,28.981,Q636978,2,1
R8120955,Turk and Islamic Art Museum,195.40366904,3,relation/8120955,Q525939,"national_museums,cultural,museums,interesting_places","{'lon': 28.974912643432617, 'lat': 41.00642395019531}",Sultanahmet Core,41.00642395019531,28.974912643432617,,,,,,,,,,Turk and Islamic Art Museum,museum,otm_R8120955,opentripmap,195.40366904,,,False,turk and islamic art museum,41.0064,28.9749,Q525939,2,1
N5113500256,Museum of Turkish and Islamic arts,201.97487504,3,node/5113500256,Q525939,"national_museums,cultural,museums,interesting_places","{'lon': 28.974658966064453, 'lat': 41.006221771240234}",Sultanahmet Core,41.006221771240234,28.974658966064453,,,,,,,,,,Museum of Turkish and Islamic arts,museum,otm_N5113500256,opentripmap,201.97487504,,,False,museum of turkish and islamic arts,41.0062,28.9747,Q525939,2,1
W236504054,Osman ağa Mosque,218.17782057,3,way/236504054,Q6029146,"religion,mosques,interesting_places","{'lon': 29.024702072143555, 'lat': 40.98935317993164}",Kadikoy Historic Center,40.98935317993164,29.024702072143555,,,,,,,,,,Osman ağa Mosque,religious,otm_W236504054,opentripmap,218.17782057,,,False,osman aga mosque,40.9894,29.0247,Q6029146,2,1
N4312551404,St. Stephan Ortodox church,226.39537364,3,node/4312551404,Q2094950,"religion,churches,interesting_places,eastern_orthodox_churches","{'lon': 28.94965362548828, 'lat': 41.03173828125}",Balat / Fener,41.03173828125,28.94965362548828,,,,,,,,,,St. Stephan Ortodox church,religious,otm_N4312551404,opentripmap,226.39537364,,,False,st stephan ortodox church,41.0317,28.9497,Q2094950,2,1
W175519383,Bulgarian Church of St. Stephen,234.25817012,3,way/175519383,Q2094950,"religion,churches,interesting_places,eastern_orthodox_churches","{'lon': 28.94978141784668, 'lat': 41.03180694580078}",Balat / Fener,41.03180694580078,28.94978141784668,,,,,,,,,,Bulgarian Church of St. Stephen,religious,otm_W175519383,opentripmap,234.25817012,,,False,bulgarian church of st stephen,41.0318,28.9498,Q2094950,2,1
W307332872,Yerebatan Camii,234.90926823,3,way/307332872,Q216511,"religion,palaces,architecture,historic_architecture,other_temples,historic,archaeology,interesting_places,other_archaeological_sites","{'lon': 28.977510452270508, 'lat': 41.00909423828125}",Hagia Sophia / Basilica Cistern,41.00909423828125,28.977510452270508,,,,,,,,,,Yerebatan Camii,historic,otm_W307332872,opentripmap,234.90926823,,,False,yerebatan camii,41.0091,28.9775,Q216511,2,1
N4169858237,Kadıköy Haldun Taner Stage,255.25413032,3,node/4169858237,Q15533769,"cultural,theatres_and_entertainments,interesting_places,other_theatres","{'lon': 29.02425193786621, 'lat': 40.99259567260742}",Kadikoy Historic Center,40.99259567260742,29.02425193786621,,,,,,,,,,Kadıköy Haldun Taner Stage,attraction,otm_N4169858237,opentripmap,255.25413032,,,False,kad koy haldun taner stage,40.9926,29.0243,Q15533769,2,1
W104061375,Zeynep Sultan Camii,258.23910109,3,way/104061375,Q1153320,"religion,mosques,interesting_places","{'lon': 28.978498458862305, 'lat': 41.01007080078125}",Hagia Sophia / Basilica Cistern,41.01007080078125,28.978498458862305,,,,,,,,,,Zeynep Sultan Camii,religious,otm_W104061375,opentripmap,258.23910109,,,False,zeynep sultan camii,41.0101,28.9785,Q1153320,2,1
W102190100,Haldun Taner Stage,263.84154156,3,way/102190100,Q15533769,"cultural,theatres_and_entertainments,interesting_places,other_theatres","{'lon': 29.023448944091797, 'lat': 40.991886138916016}",Kadikoy Historic Center,40.991886138916016,29.023448944091797,,,,,,,,,,Haldun Taner Stage,attraction,otm_W102190100,opentripmap,263.84154156,,,False,haldun taner stage,40.9919,29.0234,Q15533769,2,1
W335402651,Imperial Mint,271.20424925,3,way/335402651,Q6090328,"other,unclassified_objects,interesting_places,tourist_object","{'lon': 28.980379104614258, 'lat': 41.010467529296875}",Topkapi Palace,41.010467529296875,28.980379104614258,,,,,,,,,,Imperial Mint,attraction,otm_W335402651,opentripmap,271.20424925,,,False,imperial mint,41.0105,28.9804,Q6090328,2,1
W136456159,Fethiye Museum,285.2461708,3,way/136456159,Q1420984,"religion,mosques,churches,cultural,museums,interesting_places,other_museums,other_churches","{'lon': 28.946388244628906, 'lat': 41.02914810180664}",Balat / Fener,41.02914810180664,28.946388244628906,,,,,,,,,,Fethiye Museum,museum,otm_W136456159,opentripmap,285.2461708,,,False,fethiye museum,41.0291,28.9464,Q1420984,2,1
N5243953326,Fethiye Camii,287.03881627,3,node/5243953326,Q1420984,"religion,mosques,churches,cultural,museums,interesting_places,other_museums,other_churches","{'lon': 28.94639015197754, 'lat': 41.02906799316406}",Balat / Fener,41.02906799316406,28.94639015197754,,,,,,,,,,Fethiye Camii,museum,otm_N5243953326,opentripmap,287.03881627,,,False,fethiye camii,41.0291,28.9464,Q1420984,2,1
N5108843571,Zeynep Sultan Mosque,287.14645238,3,node/5108843571,Q1153320,"religion,mosques,interesting_places","{'lon': 28.97836685180664, 'lat': 41.010311126708984}",Hagia Sophia / Basilica Cistern,41.010311126708984,28.97836685180664,,,,,,,,,,Zeynep Sultan Mosque,religious,otm_N5108843571,opentripmap,287.14645238,,,False,zeynep sultan mosque,41.0103,28.9784,Q1153320,2,1
N5113500244,Cistern of Philoxenos,325.60357529,3,node/5113500244,Q2728644,"historic,archaeology,cultural,museums,interesting_places,other_museums,other_archaeological_sites","{'lon': 28.974090576171875, 'lat': 41.00749206542969}",Sultanahmet Core,41.00749206542969,28.974090576171875,,,,,,,,,,Cistern of Philoxenos,museum,otm_N5113500244,opentripmap,325.60357529,,,False,cistern of philoxenos,41.0075,28.9741,Q2728644,5,1
N4516761894,Cistern of Binbirdirek (Philoxenos),326.12241118,3,node/4516761894,Q2728644,"historic,archaeology,interesting_places,other_archaeological_sites","{'lon': 28.973947525024414, 'lat': 41.007389068603516}",Sultanahmet Core,41.007389068603516,28.973947525024414,,,,,,,,,,Cistern of Binbirdirek (Philoxenos),historic,otm_N4516761894,opentripmap,326.12241118,,,False,cistern of binbirdirek philoxenos,41.0074,28.9739,Q2728644,5,1
N4999341455,Binbirdirek,329.350355,3,node/4999341455,Q2728644,"historic,archaeology,interesting_places,other_archaeological_sites","{'lon': 28.97320556640625, 'lat': 41.00657272338867}",Sultanahmet Core,41.00657272338867,28.97320556640625,,,,,,,,,,Binbirdirek,historic,otm_N4999341455,opentripmap,329.350355,,,False,binbirdirek,41.0066,28.9732,Q2728644,5,1
N2472730735,Cistern of Philoxenos,329.57101376,3,node/2472730735,Q2728644,"historic,archaeology,cultural,museums,interesting_places,other_museums,other_archaeological_sites","{'lon': 28.973970413208008, 'lat': 41.00745391845703}",Sultanahmet Core,41.00745391845703,28.973970413208008,,,,,,,,,,Cistern of Philoxenos,museum,otm_N2472730735,opentripmap,329.57101376,,,False,cistern of philoxenos,41.0075,28.974,Q2728644,5,1
W214800348,Cistern of Philoxenos,347.79611655,3,way/214800348,Q2728644,"historic,archaeology,interesting_places,other_archaeological_sites","{'lon': 28.973716735839844, 'lat': 41.007484436035156}",Sultanahmet Core,41.007484436035156,28.973716735839844,,,,,,,,,,Cistern of Philoxenos,historic,otm_W214800348,opentripmap,347.79611655,,,False,cistern of philoxenos,41.0075,28.9737,Q2728644,5,1
R7656706,Şehzade Mosque,355.99061986,3,relation/7656706,Q644677,"religion,mosques,interesting_places","{'lon': 28.9571590423584, 'lat': 41.013832092285156}",Fatih / Valens Aqueduct,41.013832092285156,28.9571590423584,,,,,,,,,,Şehzade Mosque,religious,otm_R7656706,opentripmap,355.99061986,,,False,sehzade mosque,41.0138,28.9572,Q644677,3,1
N5243953336,Yavuz Sultan Selim Mosque,369.78253581,3,node/5243953336,Q2565329,"religion,mosques,interesting_places","{'lon': 28.951000213623047, 'lat': 41.026519775390625}",Balat / Fener,41.026519775390625,28.951000213623047,,,,,,,,,,Yavuz Sultan Selim Mosque,religious,otm_N5243953336,opentripmap,369.78253581,,,False,yavuz sultan selim mosque,41.0265,28.951,Q2565329,3,1
R7328115,Yavuz Sultan Selim Mosque,371.26424851,3,relation/7328115,Q2565329,"religion,mosques,interesting_places","{'lon': 28.95145606994629, 'lat': 41.026634216308594}",Balat / Fener,41.026634216308594,28.95145606994629,,,,,,,,,,Yavuz Sultan Selim Mosque,religious,otm_R7328115,opentripmap,371.26424851,,,False,yavuz sultan selim mosque,41.0266,28.9515,Q2565329,3,1
N6373152086,Cistern of Aspar,397.71663247,3,node/6373152086,Q6076508,"historic,archaeology,interesting_places,other_archaeological_sites","{'lon': 28.950153350830078, 'lat': 41.0261344909668}",Balat / Fener,41.0261344909668,28.950153350830078,,,,,,,,,,Cistern of Aspar,historic,otm_N6373152086,opentripmap,397.71663247,,,False,cistern of aspar,41.0261,28.9502,Q6076508,3,1
N5113620695,Istanbul Museum of the History of Science and Technology in Islam,404.63476424,3,node/5113620695,Q16850295,"cultural,museums,interesting_places,museums_of_science_and_technology,other_technology_museums","{'lon': 28.978940963745117, 'lat': 41.01304244995117}",Topkapi Palace,41.01304244995117,28.978940963745117,,,,,,,,,,Istanbul Museum of the History of Science and Technology in Islam,museum,otm_N5113620695,opentripmap,404.63476424,,,False,istanbul museum of the history of science and technology in islam,41.013,28.9789,Q16850295,3,1
N4774162755,Museum of The History of Science and Technology in Islam,407.1038537,3,node/4774162755,Q16850295,"cultural,museums,interesting_places,museums_of_science_and_technology,other_technology_museums","{'lon': 28.97927474975586, 'lat': 41.01353454589844}",Topkapi Palace,41.01353454589844,28.97927474975586,,,,,,,,,,Museum of The History of Science and Technology in Islam,museum,otm_N4774162755,opentripmap,407.1038537,,,False,museum of the history of science and technology in islam,41.0135,28.9793,Q16850295,3,1
N4825753221,Istanbul museum of the history of science & technology in islamc,423.87676477,3,node/4825753221,Q16850295,"cultural,museums,interesting_places,museums_of_science_and_technology,other_technology_museums","{'lon': 28.97898292541504, 'lat': 41.01346969604492}",Topkapi Palace,41.01346969604492,28.97898292541504,,,,,,,,,,Istanbul museum of the history of science & technology in islamc,museum,otm_N4825753221,opentripmap,423.87676477,,,False,istanbul museum of the history of science technology in islamc,41.0135,28.979,Q16850295,3,1
N4509065890,Şehzade Mosque,424.77025058,3,node/4509065890,Q644677,"religion,mosques,interesting_places","{'lon': 28.95765495300293, 'lat': 41.013275146484375}",Fatih / Valens Aqueduct,41.013275146484375,28.95765495300293,,,,,,,,,,Şehzade Mosque,religious,otm_N4509065890,opentripmap,424.77025058,,,False,sehzade mosque,41.0133,28.9577,Q644677,3,1
N6072311187,Theodosia Cistern,426.1694164,3,node/6072311187,Q3150393,"historic,archaeology,interesting_places,other_archaeological_sites","{'lon': 28.97248649597168, 'lat': 41.00741195678711}",Sultanahmet Core,41.00741195678711,28.97248649597168,,,,,,,,,,Theodosia Cistern,historic,otm_N6072311187,opentripmap,426.1694164,,,False,theodosia cistern,41.0074,28.9725,Q3150393,2,1
N4509066089,Şehzade Mosque,429.70338329,3,node/4509066089,Q644677,"religion,mosques,interesting_places","{'lon': 28.95780372619629, 'lat': 41.01325988769531}",Fatih / Valens Aqueduct,41.01325988769531,28.95780372619629,,,,,,,,,,Şehzade Mosque,religious,otm_N4509066089,opentripmap,429.70338329,,,False,sehzade mosque,41.0133,28.9578,Q644677,3,1
N5973063786,Theodosius Cistern,431.26303693,3,node/5973063786,Q3150393,"historic,archaeology,cultural,museums,interesting_places,other_museums,other_archaeological_sites","{'lon': 28.972450256347656, 'lat': 41.00745391845703}",Sultanahmet Core,41.00745391845703,28.972450256347656,,,,,,,,,,Theodosius Cistern,museum,otm_N5973063786,opentripmap,431.26303693,,,False,theodosius cistern,41.0075,28.9725,Q3150393,2,1
N5081445095,Yavuz Selim Mosque,449.51297833,3,node/5081445095,Q2565329,"religion,mosques,interesting_places","{'lon': 28.951038360595703, 'lat': 41.025779724121094}",Balat / Fener,41.025779724121094,28.951038360595703,,,,,,,,,,Yavuz Selim Mosque,religious,otm_N5081445095,opentripmap,449.51297833,,,False,yavuz selim mosque,41.0258,28.951,Q2565329,3,1
N4512813092,Cistern of Aspar,459.59231844,3,node/4512813092,Q6076508,"historic,archaeology,interesting_places,other_archaeological_sites","{'lon': 28.950132369995117, 'lat': 41.02557373046875}",Balat / Fener,41.02557373046875,28.950132369995117,,,,,,,,,,Cistern of Aspar,historic,otm_N4512813092,opentripmap,459.59231844,,,False,cistern of aspar,41.0256,28.9501,Q6076508,3,1
W401123337,Beylerbeyi Mosque,478.49811433,3,way/401123337,Q6845681,"religion,mosques,interesting_places","{'lon': 29.04461669921875, 'lat': 41.04497528076172}",Beylerbeyi Palace,41.04497528076172,29.04461669921875,,,,,,,,,,Beylerbeyi Mosque,religious,otm_W401123337,opentripmap,478.49811433,,,False,beylerbeyi mosque,41.045,29.0446,Q6845681,3,1
N551453949,Beylerbeyi Mosque,481.42017924,3,node/551453949,Q6845681,"religion,mosques,interesting_places","{'lon': 29.0445613861084, 'lat': 41.0450553894043}",Beylerbeyi Palace,41.0450553894043,29.0445613861084,,,,,,,,,,Beylerbeyi Mosque,religious,otm_N551453949,opentripmap,481.42017924,,,False,beylerbeyi mosque,41.0451,29.0446,Q6845681,3,1
N663391254,Tomb of Sultan II. Mahmud,481.54649979,3,node/663391254,Q4273774,"historic,monuments_and_memorials,burial_places,interesting_places,mausoleums,monuments","{'lon': 28.972728729248047, 'lat': 41.008445739746094}",Sultanahmet Core,41.008445739746094,28.972728729248047,,,,,,,,,,Tomb of Sultan II. Mahmud,historic,otm_N663391254,opentripmap,481.54649979,,,False,tomb of sultan ii mahmud,41.0084,28.9727,Q4273774,2,1
N5244807624,Mausoleum of Mahmud II,494.4990567,3,node/5244807624,Q4273774,"historic,monuments_and_memorials,burial_places,interesting_places,mausoleums,monuments","{'lon': 28.97258186340332, 'lat': 41.00850296020508}",Sultanahmet Core,41.00850296020508,28.97258186340332,,,,,,,,,,Mausoleum of Mahmud II,historic,otm_N5244807624,opentripmap,494.4990567,,,False,mausoleum of mahmud ii,41.0085,28.9726,Q4273774,2,1
N5113481394,Sultan Cistern,525.37922786,3,node/5113481394,Q6076508,"historic,archaeology,interesting_places,other_archaeological_sites,restaurants,foods,tourist_facilities","{'lon': 28.950336456298828, 'lat': 41.024993896484375}",Balat / Fener,41.024993896484375,28.950336456298828,,,,,,,,,,Sultan Cistern,historic,otm_N5113481394,opentripmap,525.37922786,,,False,sultan cistern,41.025,28.9503,Q6076508,3,1
N3580821812,Muzeum Adama Mickiewicza,545.861319,3,node/3580821812,Q4679495,"biographical_museums,historic_house_museums,cultural,museums,interesting_places,history_museums","{'lon': 28.977148056030273, 'lat': 41.038780212402344}",Istiklal / Pera,41.038780212402344,28.977148056030273,,,,,,,,,,Muzeum Adama Mickiewicza,museum,otm_N3580821812,opentripmap,545.861319,,,False,muzeum adama mickiewicza,41.0388,28.9771,Q4679495,2,1
N3254468506,Adam Mickiewicz Museum,545.861319,3,node/3254468506,Q4679495,"biographical_museums,historic_house_museums,cultural,museums,interesting_places,history_museums","{'lon': 28.977148056030273, 'lat': 41.038780212402344}",Istiklal / Pera,41.038780212402344,28.977148056030273,,,,,,,,,,Adam Mickiewicz Museum,museum,otm_N3254468506,opentripmap,545.861319,,,False,adam mickiewicz museum,41.0388,28.9771,Q4679495,2,1
W165574748,Kılıç Ali Pasha Complex,557.58165616,3,way/165574748,Q862848,"religion,mosques,interesting_places","{'lon': 28.9809627532959, 'lat': 41.02641677856445}",Galata Tower,41.02641677856445,28.9809627532959,,,,,,,,,,Kılıç Ali Pasha Complex,religious,otm_W165574748,opentripmap,557.58165616,,,False,k l c ali pasha complex,41.0264,28.981,Q862848,2,1
W499172507,Beylerbeyi Camii,559.6825795,3,way/499172507,Q6845681,"religion,mosques,interesting_places","{'lon': 29.04571533203125, 'lat': 41.04513168334961}",Beylerbeyi Palace,41.04513168334961,29.04571533203125,,,,,,,,,,Beylerbeyi Camii,religious,otm_W499172507,opentripmap,559.6825795,,,False,beylerbeyi camii,41.0451,29.0457,Q6845681,3,1
W165574764,Kılıç Ali Pasha Complex,584.65852595,3,way/165574764,Q862848,"religion,mosques,historic,burial_places,interesting_places,other_burial_places","{'lon': 28.98131561279297, 'lat': 41.0262336730957}",Galata Tower,41.0262336730957,28.98131561279297,,,,,,,,,,Kılıç Ali Pasha Complex,historic,otm_W165574764,opentripmap,584.65852595,,,False,k l c ali pasha complex,41.0262,28.9813,Q862848,2,1
N6185588853,Taksim Simit,588.13026997,3,node/6185588853,Q31190329,"religion,mosques,interesting_places","{'lon': 28.98427391052246, 'lat': 41.03607940673828}",Istiklal / Pera,41.03607940673828,28.98427391052246,,,,,,,,,,Taksim Simit,religious,otm_N6185588853,opentripmap,588.13026997,,,False,taksim simit,41.0361,28.9843,Q31190329,2,1
W132052542,Tophane Fountain,590.43249911,3,way/132052542,Q6077177,"fountains,cultural,urban_environment,interesting_places","{'lon': 28.981277465820312, 'lat': 41.026763916015625}",Galata Tower,41.026763916015625,28.981277465820312,,,,,,,,,,Tophane Fountain,attraction,otm_W132052542,opentripmap,590.43249911,,,False,tophane fountain,41.0268,28.9813,Q6077177,2,1
W970169413,Tophane Fountain,593.96465734,3,way/970169413,Q6077177,"other,unclassified_objects,interesting_places,tourist_object","{'lon': 28.98102378845215, 'lat': 41.02755355834961}",Galata Tower,41.02755355834961,28.98102378845215,,,,,,,,,,Tophane Fountain,attraction,otm_W970169413,opentripmap,593.96465734,,,False,tophane fountain,41.0276,28.981,Q6077177,2,1
W865322627,Taksim Camii,627.67764982,3,way/865322627,Q31190329,"religion,mosques,interesting_places","{'lon': 28.98407745361328, 'lat': 41.037071228027344}",Istiklal / Pera,41.037071228027344,28.98407745361328,,,,,,,,,,Taksim Camii,religious,otm_W865322627,opentripmap,627.67764982,,,False,taksim camii,41.0371,28.9841,Q31190329,2,1
W237058770,Kadıköy Fransız Kilisesi,744.28545822,3,way/237058770,Q31188348,"religion,churches,interesting_places,catholic_churches","{'lon': 29.025562286376953, 'lat': 40.984222412109375}",Kadikoy Historic Center,40.984222412109375,29.025562286376953,,,,,,,,,,Kadıköy Fransız Kilisesi,religious,otm_W237058770,opentripmap,744.28545822,,,False,kad koy frans z kilisesi,40.9842,29.0256,Q31188348,2,1
W235253304,Church of the Assumption,759.89519238,3,way/235253304,Q31188348,"religion,churches,interesting_places,catholic_churches","{'lon': 29.025196075439453, 'lat': 40.984107971191406}",Kadikoy Historic Center,40.984107971191406,29.025196075439453,,,,,,,,,,Church of the Assumption,religious,otm_W235253304,opentripmap,759.89519238,,,False,church of the assumption,40.9841,29.0252,Q31188348,2,1
W316903985,Pertevniyal Valide Sultan Mosque,831.95189212,3,way/316903985,Q2719785,"religion,mosques,interesting_places","{'lon': 28.952899932861328, 'lat': 41.0100212097168}",Fatih / Valens Aqueduct,41.0100212097168,28.952899932861328,,,,,,,,,,Pertevniyal Valide Sultan Mosque,religious,otm_W316903985,opentripmap,831.95189212,,,False,pertevniyal valide sultan mosque,41.01,28.9529,Q2719785,2,1
N5081274335,Pertevniyal Valide Sultan Mosque,832.3305229,3,node/5081274335,Q2719785,"religion,mosques,interesting_places","{'lon': 28.952903747558594, 'lat': 41.01001739501953}",Fatih / Valens Aqueduct,41.01001739501953,28.952903747558594,,,,,,,,,,Pertevniyal Valide Sultan Mosque,religious,otm_N5081274335,opentripmap,832.3305229,,,False,pertevniyal valide sultan mosque,41.01,28.9529,Q2719785,2,1
N415068999,Anadoluhisarı,837.4887906,3,node/415068999,Q81650,"fortifications,historic,cultural,museums,interesting_places,other_museums,other_fortifications","{'lon': 29.066532135009766, 'lat': 41.083274841308594}",Rumeli Hisari,41.083274841308594,29.066532135009766,,,,,,,,,,Anadoluhisarı,museum,otm_N415068999,opentripmap,837.4887906,,,False,anadoluhisar,41.0833,29.0665,Q81650,5,1
W525436004,Anadoluhisarı,847.4273181,3,way/525436004,Q81650,"fortifications,historic,cultural,museums,interesting_places,other_museums,other_fortifications","{'lon': 29.066640853881836, 'lat': 41.08323287963867}",Rumeli Hisari,41.08323287963867,29.066640853881836,,,,,,,,,,Anadoluhisarı,museum,otm_W525436004,opentripmap,847.4273181,,,False,anadoluhisar,41.0832,29.0666,Q81650,5,1
W530509576,Palace of the Porphyrogenitus,893.39900097,3,way/530509576,Q1472490,"palaces,architecture,historic_architecture,interesting_places,destroyed_objects","{'lon': 28.94047737121582, 'lat': 41.03369140625}",Balat / Fener,41.03369140625,28.94047737121582,,,,,,,,,,Palace of the Porphyrogenitus,historic,otm_W530509576,opentripmap,893.39900097,,,False,palace of the porphyrogenitus,41.0337,28.9405,Q1472490,2,1
N5112749749,Palace of the Porphyrogenitus,898.11572706,3,node/5112749749,Q1472490,"palaces,architecture,historic_architecture,interesting_places","{'lon': 28.9404354095459, 'lat': 41.033721923828125}",Balat / Fener,41.033721923828125,28.9404354095459,,,,,,,,,,Palace of the Porphyrogenitus,historic,otm_N5112749749,opentripmap,898.11572706,,,False,palace of the porphyrogenitus,41.0337,28.9404,Q1472490,2,1
W403116669,Anatolian Castle,903.35608245,3,way/403116669,Q81650,"fortifications,historic,cultural,museums,interesting_places,castles,other_museums","{'lon': 29.066884994506836, 'lat': 41.08208465576172}",Rumeli Hisari,41.08208465576172,29.066884994506836,,,,,,,,,,Anatolian Castle,museum,otm_W403116669,opentripmap,903.35608245,,,False,anatolian castle,41.0821,29.0669,Q81650,5,1
N3597084430,Anadoluhisarı,905.13263539,3,node/3597084430,Q81650,"religion,other_temples,fortifications,historic,cultural,museums,interesting_places,other_museums,other_fortifications","{'lon': 29.0667781829834, 'lat': 41.08182907104492}",Rumeli Hisari,41.08182907104492,29.0667781829834,,,,,,,,,,Anadoluhisarı,museum,otm_N3597084430,opentripmap,905.13263539,,,False,anadoluhisar,41.0818,29.0668,Q81650,5,1
N8582643114,Anadoluhisarı,976.18932441,3,node/8582643114,Q81650,"fortifications,historic,cultural,museums,interesting_places,other_museums,other_fortifications","{'lon': 29.068368911743164, 'lat': 41.08409118652344}",Rumeli Hisari,41.08409118652344,29.068368911743164,,,,,,,,,,Anadoluhisarı,museum,otm_N8582643114,opentripmap,976.18932441,,,False,anadoluhisar,41.0841,29.0684,Q81650,5,1
R4429629,Walls of Constantinople,1020.32218241,3,relation/4429629,Q89917,"architecture,historic_architecture,fortifications,defensive_walls,historic,interesting_places,destroyed_objects","{'lon': 28.938077926635742, 'lat': 41.0323371887207}",Balat / Fener,41.0323371887207,28.938077926635742,,,,,,,,,,Walls of Constantinople,historic,otm_R4429629,opentripmap,1020.32218241,,,False,walls of constantinople,41.0323,28.9381,Q89917,2,1
W237868337,Atik Valide Camii,1041.89967762,3,way/237868337,Q2483550,"religion,mosques,interesting_places","{'lon': 29.02358627319336, 'lat': 41.01889419555664}",Uskudar Waterfront,41.01889419555664,29.02358627319336,,,,,,,,,,Atik Valide Camii,religious,otm_W237868337,opentripmap,1041.89967762,,,False,atik valide camii,41.0189,29.0236,Q2483550,2,1
W333935175,Atik Valide Cami,1065.89338975,3,way/333935175,Q2483550,"religion,mosques,interesting_places","{'lon': 29.023746490478516, 'lat': 41.01871109008789}",Uskudar Waterfront,41.01871109008789,29.023746490478516,,,,,,,,,,Atik Valide Cami,religious,otm_W333935175,opentripmap,1065.89338975,,,False,atik valide cami,41.0187,29.0237,Q2483550,2,1
W32394781,Istanbul City Wall,1368.81602765,3,way/32394781,Q89917,"fortifications,defensive_walls,historic,interesting_places","{'lon': 28.939353942871094, 'lat': 41.03675079345703}",Eyup / Pierre Loti,41.03675079345703,28.939353942871094,,,,,,,,,,Istanbul City Wall,historic,otm_W32394781,opentripmap,1368.81602765,,,False,istanbul city wall,41.0368,28.9394,Q89917,2,1
N6939603515,Mirar Sinan,95.13351206,2,node/6939603515,Q85817770,"historic,monuments_and_memorials,burial_places,interesting_places,other_burial_places,restaurants,foods,monuments,tourist_facilities","{'lon': 28.96277618408203, 'lat': 41.01583480834961}",Suleymaniye,41.01583480834961,28.96277618408203,,,,,,,,,,Mirar Sinan,historic,otm_N6939603515,opentripmap,95.13351206,,,False,mirar sinan,41.0158,28.9628,Q85817770,2,1
W308598205,Tomb of Mimar Sinan,117.23723808,2,way/308598205,Q85817770,"cemeteries,historic,monuments_and_memorials,burial_places,interesting_places,monuments","{'lon': 28.963930130004883, 'lat': 41.017250061035156}",Suleymaniye,41.017250061035156,28.963930130004883,,,,,,,,,,Tomb of Mimar Sinan,historic,otm_W308598205,opentripmap,117.23723808,,,False,tomb of mimar sinan,41.0173,28.9639,Q85817770,2,1
W335364925,Imperial Gate,148.51558916,2,way/335364925,Q6090328,"fortifications,defensive_walls,historic,interesting_places","{'lon': 28.98147201538086, 'lat': 41.008609771728516}",Hagia Sophia / Basilica Cistern,41.008609771728516,28.98147201538086,,,,,,,,,,Imperial Gate,historic,otm_W335364925,opentripmap,148.51558916,,,False,imperial gate,41.0086,28.9815,Q6090328,2,1
W260976707,Türkiye İş Bankası Museum,206.91890418,2,way/260976707,Q6053818,"cultural,museums,interesting_places,other_museums","{'lon': 28.97260093688965, 'lat': 41.01609420776367}",Eminonu / Spice Bazaar,41.01609420776367,28.97260093688965,,,,,,,,,,Türkiye İş Bankası Museum,museum,otm_W260976707,opentripmap,206.91890418,,,False,turkiye is bankas museum,41.0161,28.9726,Q6053818,4,1
N5111212295,Türkiye İş Bankası Museum,228.5408834,2,node/5111212295,Q6053818,"cultural,museums,interesting_places,other_museums,banks,bank,tourist_facilities","{'lon': 28.971118927001953, 'lat': 41.014564514160156}",Eminonu / Spice Bazaar,41.014564514160156,28.971118927001953,,,,,,,,,,Türkiye İş Bankası Museum,museum,otm_N5111212295,opentripmap,228.5408834,,,False,turkiye is bankas museum,41.0146,28.9711,Q6053818,4,1
N5110345265,Türkiye İş Bankası Museum,235.17069907,2,node/5110345265,Q6053818,"cultural,museums,interesting_places,other_museums,banks,bank,tourist_facilities","{'lon': 28.97268295288086, 'lat': 41.015525817871094}",Eminonu / Spice Bazaar,41.015525817871094,28.97268295288086,,,,,,,,,,Türkiye İş Bankası Museum,museum,otm_N5110345265,opentripmap,235.17069907,,,False,turkiye is bankas museum,41.0155,28.9727,Q6053818,4,1
N5110344551,Kepenekci sinan camii,250.99613771,2,node/5110344551,Q106223671,"religion,other_temples,interesting_places","{'lon': 28.965862274169922, 'lat': 41.0178337097168}",Suleymaniye,41.0178337097168,28.965862274169922,,,,,,,,,,Kepenekci sinan camii,religious,otm_N5110344551,opentripmap,250.99613771,,,False,kepenekci sinan camii,41.0178,28.9659,Q106223671,2,1
W330348666,Category:Kepenekçi Sinan Madrasa,254.4025761,2,way/330348666,Q106223671,"religion,other_temples,interesting_places","{'lon': 28.965896606445312, 'lat': 41.017852783203125}",Suleymaniye,41.017852783203125,28.965896606445312,,,,,,,,,,Category:Kepenekçi Sinan Madrasa,religious,otm_W330348666,opentripmap,254.4025761,,,False,category kepenekci sinan madrasa,41.0179,28.9659,Q106223671,2,1
W165718178,Galata Dervish House Museum,264.00056931,2,way/165718178,Q6090478,"religion,other_temples,cultural,museums,interesting_places,other_museums","{'lon': 28.975114822387695, 'lat': 41.02801513671875}",Galata Tower,41.02801513671875,28.975114822387695,,,,,,,,,,Galata Dervish House Museum,museum,otm_W165718178,opentripmap,264.00056931,,,False,galata dervish house museum,41.028,28.9751,Q6090478,2,1
N4481947389,Galata Mevlevi House Museum,276.79297521,2,node/4481947389,Q6090478,"religion,other_temples,cultural,museums,interesting_places,other_museums","{'lon': 28.97443962097168, 'lat': 41.02819061279297}",Galata Tower,41.02819061279297,28.97443962097168,,,,,,,,,,Galata Mevlevi House Museum,museum,otm_N4481947389,opentripmap,276.79297521,,,False,galata mevlevi house museum,41.0282,28.9744,Q6090478,2,1
N5110347247,Türkiye İş Bankası Museum,418.23968988,2,node/5110347247,Q6053818,"cultural,museums,interesting_places,other_museums,banks,bank,tourist_facilities","{'lon': 28.974842071533203, 'lat': 41.01515197753906}",Eminonu / Spice Bazaar,41.01515197753906,28.974842071533203,,,,,,,,,,Türkiye İş Bankası Museum,museum,otm_N5110347247,opentripmap,418.23968988,,,False,turkiye is bankas museum,41.0152,28.9748,Q6053818,4,1
N8225587082,Feshane,520.10004876,2,node/8225587082,Q6059242,"architecture,historic_architecture,interesting_places,other_buildings_and_structures","{'lon': 28.937965393066406, 'lat': 41.0455436706543}",Eyup / Pierre Loti,41.0455436706543,28.937965393066406,,,,,,,,,,Feshane,historic,otm_N8225587082,opentripmap,520.10004876,,,False,feshane,41.0455,28.938,Q6059242,2,1
W240079129,Feshane,597.55371495,2,way/240079129,Q6059242,"architecture,historic_architecture,interesting_places,amusements,amusement_parks,other_buildings_and_structures","{'lon': 28.937536239624023, 'lat': 41.0440559387207}",Eyup / Pierre Loti,41.0440559387207,28.937536239624023,,,,,,,,,,Feshane,historic,otm_W240079129,opentripmap,597.55371495,,,False,feshane,41.0441,28.9375,Q6059242,2,1
