poi_id,osm_name,osm_name_en,osm_category,osm_importance_score,otm_xid,otm_name,otm_kinds,otm_bucket,otm_query_area,otm_wikidata,distance_km,token_overlap_score,category_match,distance_score,combined_score
1153966162,Büyük Saray Mozaikleri Müzesi,Great Palace Mosaic Museum,museum,0.8442127747511758,N1768294290,Great Palace Mosaic Museum,"national_museums,cultural,museums,interesting_places",museum,"Sultanahmet, Istanbul",Q2719230,0.0032079193928571128,1.0,1,0.9946534676785714,0.9830846443947605
103953125,Sultan Ahmet Türbesi,Tomb of Sultan Ahmed I,attraction,0.8358979261397337,W103953125,Tomb of Sultan Ahmet,"religion,mosques,interesting_places",attraction,"Sultanahmet, Istanbul",Q80541,0.00436670561736717,1.0,1,0.9927221573043881,0.9817703319400704
1908677124,Milyon Taşı,Milion,historic,0.7962789879589164,N1908677124,Milion,"milestones,architecture,historic_architecture,historic,monuments_and_memorials,interesting_places,destroyed_objects,monuments",historic,"Sultanahmet, Istanbul",Q1187329,0.0029261641801363253,1.0,1,0.9951230596997728,0.9784086637208348
1120852417,Theodosius Dikilitaşı,Obelisk of Theodosius,historic,0.787757479192329,N415157637,Obelisk of Theodosius,"historic,monuments_and_memorials,urban_environment,cultural,interesting_places,sculptures,monuments",historic,"Sultanahmet, Istanbul",Q763854,0.0026746672340701026,1.0,1,0.9955422212765498,0.9776613032383704
1120852418,Örme Dikilitaş,The Walled Obelisk,historic,0.7727815775079241,N415156590,The Walled Obelisk,"historic,monuments_and_memorials,urban_environment,cultural,interesting_places,sculptures,monuments",historic,"Sultanahmet, Istanbul",Q742474,0.0020995183926353716,1.0,1,0.996500802678941,0.9764033584205277
5113500256,Türk ve İslam Eserleri Müzesi,Turkish and Islamic Arts Museum,museum,0.8342378630190977,N5113500256,Museum of Turkish and Islamic arts,"national_museums,cultural,museums,interesting_places",museum,"Sultanahmet, Istanbul",Q525939,0.022441958119101196,1.0,1,0.9625967364681647,0.974072970418951
1908677124,Milyon Taşı,Milion,historic,0.7962789879589164,N5108843107,Milion Stone,"milestones,architecture,historic_architecture,historic,monuments_and_memorials,interesting_places,destroyed_objects,monuments",historic,"Sultanahmet, Istanbul",Q1187329,0.015176955593191224,1.0,1,0.974705074011348,0.9733041672987286
18055570,Sultanahmet Camii,Blue Mosque,attraction,0.8079814929979688,N7215645385,The Blue Mosque,"religion,mosques,interesting_places",attraction,"Sultanahmet, Istanbul",Q80541,0.026608564631329427,1.0,1,0.9556523922811176,0.9697112473700763
1184851395,Bukoleon Sarayı Kalıntıları,Bucoleon Palace Ruins,historic,0.7364798790603897,N4988111427,Ruins of Bucoleon Palace,"palaces,architecture,historic_architecture,interesting_places",historic,"Sultanahmet, Istanbul",Q1003322,0.009958056746937477,1.0,1,0.9834032387551042,0.969498797594815
4977947521,Ayios Polieuktos Kilisesi,Church of St. Polyeuktos,historic,0.6418011430765282,N4977947521,Church of St. Polyeuktos,"religion,architecture,historic_architecture,fortifications,historic,churches,interesting_places,destroyed_objects,castles,other_churches",historic,"Eminonu, Istanbul",Q1578614,8.185020030554939e-05,1.0,1,0.9998635829994907,0.9641460100575255
3236233297,Kıztaşı,Column of Marcian,historic,0.6145500233129555,N3236233297,Column of Marcian,"historic,monuments_and_memorials,burial_places,urban_environment,cultural,interesting_places,other_burial_places,sculptures,monuments",historic,"Eminonu, Istanbul",Q285236,9.331100537398952e-05,1.0,1,0.99984448165771,0.9614161227457231
329089871,Aziz Mahmud Hüdayi Vakfı Gazanfer Ağa Medresesi Eğitim ve Kültür Merkezi,,museum,0.6359016753628577,W329089871,Aziz Mahmud Hudayi Vakfi Gazanfer Ağa Medresesi Egitim ve Kultur Merkezi,"cultural,museums,interesting_places,other_museums",museum,"Eminonu, Istanbul",Q31189333,0.000711475106947534,0.8181818181818182,1,0.9988142081550875,0.8723846286659668
415157636,Yılanlı Sütun,Serpent Column,attraction,0.7682667963065052,N415157636,Serpent Column,"historic,monuments_and_memorials,burial_places,urban_environment,cultural,interesting_places,other_burial_places,sculptures,monuments",historic,"Sultanahmet, Istanbul",Q588892,0.000710748441239269,1.0,0,0.9988154192646013,0.8265305344468008
23276526,Bozdoğan Su Kemeri,Valens Aqueduct,attraction,0.6148585514520465,W23276526,Valens Aqueduct,"bridges,architecture,interesting_places,aqueducts",historic,"Eminonu, Istanbul",Q952924,0.012201256304955733,1.0,0,0.9796645728250738,0.8064019983514731
508953834,Adnan Menderes Anıt Mezarı,,historic,0.5807090371351811,W508953834,Mausoleum of Adnan Menderes,"historic,monuments_and_memorials,burial_places,interesting_places,mausoleums,monuments",historic,"Beyoglu, Istanbul",Q6022064,0.00033326411722187495,0.6666666666666666,1,0.9994445598046302,0.791265376998009
103953128,Sultan Ahmet Medresesi,Sultan Ahmed Madrasah,historic,0.7956527541776205,W103953125,Tomb of Sultan Ahmet,"religion,mosques,interesting_places",attraction,"Sultanahmet, Istanbul",Q80541,0.030167091685724196,0.6666666666666666,0,0.9497215138571263,0.6503289872153769
3254460381,Hava Şehitleri Anıtı,The Aviation Martyr’s Monument,historic,0.6151326135776154,N3254460381,Aviation Martyrs' Monument,"historic,monuments_and_memorials,burial_places,interesting_places,other_burial_places,monuments",historic,"Eminonu, Istanbul",Q1447350,3.790593399935143e-05,0.3333333333333333,1,0.9999368234433345,0.6281641338852618
1120852418,Örme Dikilitaş,The Walled Obelisk,historic,0.7727815775079241,N415157637,Obelisk of Theodosius,"historic,monuments_and_memorials,urban_environment,cultural,interesting_places,sculptures,monuments",historic,"Sultanahmet, Istanbul",Q763854,0.07193017786413129,0.3333333333333333,1,0.8801163702264478,0.613973916974071
1120852417,Theodosius Dikilitaşı,Obelisk of Theodosius,historic,0.787757479192329,N415156590,The Walled Obelisk,"historic,monuments_and_memorials,urban_environment,cultural,interesting_places,sculptures,monuments",historic,"Sultanahmet, Istanbul",Q742474,0.0764640889833783,0.3333333333333333,1,0.8725598516943696,0.613582377509492
5113500256,Türk ve İslam Eserleri Müzesi,Turkish and Islamic Arts Museum,museum,0.8342378630190977,R8120955,Turk and Islamic Art Museum,"national_museums,cultural,museums,interesting_places",museum,"Sultanahmet, Istanbul",Q525939,0.015996634175987443,0.25,1,0.9733389430400209,0.601758522061915
25512790,Sultanahmet Meydanı,Sultan Ahmed Square,attraction,0.7760674446106873,W103953125,Tomb of Sultan Ahmet,"religion,mosques,interesting_places",attraction,"Sultanahmet, Istanbul",Q80541,0.08789446639312942,0.25,1,0.8535092226781176,0.5659840501305982
5108843109,Hacı Beşir Ağa Çeşmesi,,attraction,0.7769251346262946,W132277802,Firuz Ağa Mosque,"religion,mosques,interesting_places",attraction,"Sultanahmet, Istanbul",Q2565317,0.15937264544322596,0.2,1,0.73437892426129,0.511287244527952
1661399,Fatih Camii,Fatih Mosque,attraction,0.5860897279107913,Q6045782,"İskender Pasha Mosque, Fatih","religion,mosques,interesting_places",attraction,"Eminonu, Istanbul",Q6045782,0.3769240348714364,0.3333333333333333,1,0.37179327521427263,0.4682239582613139
11867279469,Ayasofya Tarih ve Deneyim Müzesi,Hagia Sophia History and Experience Museum,museum,0.8343905890613934,R8120955,Turk and Islamic Art Museum,"national_museums,cultural,museums,interesting_places",museum,"Sultanahmet, Istanbul",Q525939,0.03825575821689077,0.0,1,0.9362404029718487,0.4674991596491015
1120852417,Theodosius Dikilitaşı,Obelisk of Theodosius,historic,0.787757479192329,N415157636,Serpent Column,"historic,monuments_and_memorials,burial_places,urban_environment,cultural,interesting_places,other_burial_places,sculptures,monuments",historic,"Sultanahmet, Istanbul",Q588892,0.03871269570340073,0.0,1,0.9354788404943322,0.462645458042816
1120852418,Örme Dikilitaş,The Walled Obelisk,historic,0.7727815775079241,N415157636,Serpent Column,"historic,monuments_and_memorials,burial_places,urban_environment,cultural,interesting_places,other_burial_places,sculptures,monuments",historic,"Sultanahmet, Istanbul",Q588892,0.03590863607283135,0.0,1,0.9401522732119477,0.4623162260537793
109874498,Alman Çeşmesi,German Fountain,attraction,0.7910746890319853,W103953125,Tomb of Sultan Ahmet,"religion,mosques,interesting_places",attraction,"Sultanahmet, Istanbul",Q80541,0.04707149294971791,0.0,1,0.9215475117504701,0.459494346840816
1377906859,Üçler Mescidi,,historic,0.7727022688342846,N415156590,The Walled Obelisk,"historic,monuments_and_memorials,urban_environment,cultural,interesting_places,sculptures,monuments",historic,"Sultanahmet, Istanbul",Q742474,0.043401277561228954,0.0,1,0.9276645373979517,0.45918636123291634
103953128,Sultan Ahmet Medresesi,Sultan Ahmed Madrasah,historic,0.7956527541776205,Q475338,Great Palace of Constantinople,"palaces,architecture,historic_architecture,interesting_places,destroyed_objects",historic,"Sultanahmet, Istanbul",Q475338,0.05008022734914644,0.0,1,0.9165329544180892,0.45869851402228434
1120852417,Theodosius Dikilitaşı,Obelisk of Theodosius,historic,0.787757479192329,Q1152384,Palace of Daphne,"palaces,architecture,historic_architecture,interesting_places",historic,"Sultanahmet, Istanbul",Q1152384,0.05097389381200717,0.0,1,0.9150435103133214,0.45753662549756324
11867279469,Ayasofya Tarih ve Deneyim Müzesi,Hagia Sophia History and Experience Museum,museum,0.8343905890613934,N5113500256,Museum of Turkish and Islamic arts,"national_museums,cultural,museums,interesting_places",museum,"Sultanahmet, Istanbul",Q525939,0.06479839192210804,0.0,1,0.89200268012982,0.4564397289385943
5108843098,Cevri Kalfa Çeşmesi,,attraction,0.7839032672595759,W132277802,Firuz Ağa Mosque,"religion,mosques,interesting_places",attraction,"Sultanahmet, Istanbul",Q2565317,0.053003938133008834,0.0,1,0.9116601031116519,0.45630535250387055
8120955,İbrahim Paşa Sarayı,Ibrahim Pasha Palace,historic,0.8589147224356382,N415157637,Obelisk of Theodosius,"historic,monuments_and_memorials,urban_environment,cultural,interesting_places,sculptures,monuments",historic,"Sultanahmet, Istanbul",Q763854,0.07246682458436911,0.0,1,0.8792219590260515,0.45569696200007664
18055570,Sultanahmet Camii,Blue Mosque,attraction,0.8079814929979688,Q3082387,Church of the Virgin of the Pharos,"religion,churches,interesting_places,other_churches",attraction,"Sultanahmet, Istanbul",Q3082387,0.06749815080387855,0.0,1,0.8875030819935358,0.45267391979818083
8120955,İbrahim Paşa Sarayı,Ibrahim Pasha Palace,historic,0.8589147224356382,N415157636,Serpent Column,"historic,monuments_and_memorials,burial_places,urban_environment,cultural,interesting_places,other_burial_places,sculptures,monuments",historic,"Sultanahmet, Istanbul",Q588892,0.08554701047333181,0.0,1,0.8574216492111136,0.4502468845463422
1377906859,Üçler Mescidi,,historic,0.7727022688342846,N415157636,Serpent Column,"historic,monuments_and_memorials,burial_places,urban_environment,cultural,interesting_places,other_burial_places,sculptures,monuments",historic,"Sultanahmet, Istanbul",Q588892,0.06653718190549578,0.0,1,0.8891046968241737,0.44954640108947186
109874498,Alman Çeşmesi,German Fountain,attraction,0.7910746890319853,W132277802,Firuz Ağa Mosque,"religion,mosques,interesting_places",attraction,"Sultanahmet, Istanbul",Q2565317,0.09050514363733936,0.0,1,0.8491580939377678,0.44139699238764046
8120955,İbrahim Paşa Sarayı,Ibrahim Pasha Palace,historic,0.8589147224356382,Q1152384,Palace of Daphne,"palaces,architecture,historic_architecture,interesting_places",historic,"Sultanahmet, Istanbul",Q1152384,0.10929777773271403,0.0,1,0.8178370371121433,0.4403507315215996
1184924695,Yerebatan Sarnıcı,,historic,0.7850238528242527,N1908677124,Milion,"milestones,architecture,historic_architecture,historic,monuments_and_memorials,interesting_places,destroyed_objects,monuments",historic,"Sultanahmet, Istanbul",Q1187329,0.09330364925627137,0.0,1,0.8444939179062144,0.43962586475897886
8120955,İbrahim Paşa Sarayı,Ibrahim Pasha Palace,historic,0.8589147224356382,N415156590,The Walled Obelisk,"historic,monuments_and_memorials,urban_environment,cultural,interesting_places,sculptures,monuments",historic,"Sultanahmet, Istanbul",Q742474,0.11115464425548066,0.0,1,0.8147422595741989,0.43957703713711355
103953125,Sultan Ahmet Türbesi,Tomb of Sultan Ahmed I,attraction,0.8358979261397337,Q3082387,Church of the Virgin of the Pharos,"religion,churches,interesting_places,other_churches",attraction,"Sultanahmet, Istanbul",Q3082387,0.10822681242563723,0.0,1,0.8196219792906047,0.4384952874366245
109738926,Sıbyan Mektebi,,historic,0.7630982709605257,N1908677124,Milion,"milestones,architecture,historic_architecture,historic,monuments_and_memorials,interesting_places,destroyed_objects,monuments",historic,"Sultanahmet, Istanbul",Q1187329,0.09258618851136392,0.0,1,0.8456896858143934,0.437732248549651
1184924695,Yerebatan Sarnıcı,,historic,0.7850238528242527,N5108843107,Milion Stone,"milestones,architecture,historic_architecture,historic,monuments_and_memorials,interesting_places,destroyed_objects,monuments",historic,"Sultanahmet, Istanbul",Q1187329,0.09963474786172224,0.0,1,0.8339420868971296,0.43698790700670764
1377906859,Üçler Mescidi,,historic,0.7727022688342846,N415157637,Obelisk of Theodosius,"historic,monuments_and_memorials,urban_environment,cultural,interesting_places,sculptures,monuments",historic,"Sultanahmet, Istanbul",Q763854,0.09778012110090288,0.0,1,0.8370331314984952,0.43652850975805224
32396432,III. Ahmet Çeşmesi,Sultan Ahmed III Fountain,attraction,0.7283870411993926,W103953125,Tomb of Sultan Ahmet,"religion,mosques,interesting_places",attraction,"Sultanahmet, Istanbul",Q80541,0.3897581729875918,0.25,1,0.3504030450206803,0.4354394653751093
109738926,Sıbyan Mektebi,,historic,0.7630982709605257,N5108843107,Milion Stone,"milestones,architecture,historic_architecture,historic,monuments_and_memorials,interesting_places,destroyed_objects,monuments",historic,"Sultanahmet, Istanbul",Q1187329,0.10171537121449607,0.0,1,0.8304743813091732,0.43392842242334584
5244801843,Marmara Üniversitesi Cumhuriyet Müzesi ve Sanat Galerisi,,museum,0.8044155331141827,N5113500256,Museum of Turkish and Islamic arts,"national_museums,cultural,museums,interesting_places",museum,"Sultanahmet, Istanbul",Q525939,0.11739945954706603,0.0,1,0.8043342340882232,0.4315251118334741
132277807,Şehzadeler Türbesi,Mausoleum of Princes,historic,0.8078603320712782,N1908677124,Milion,"milestones,architecture,historic_architecture,historic,monuments_and_memorials,interesting_places,destroyed_objects,monuments",historic,"Sultanahmet, Istanbul",Q1187329,0.11828804897869784,0.0,1,0.8028532517021703,0.4314993461326704
5113620677,Sahabe-i Kiramdan Abdurrahman Şami Türbesi,,historic,0.8038441577882711,Q475338,Great Palace of Constantinople,"palaces,architecture,historic_architecture,interesting_places,destroyed_objects",historic,"Sultanahmet, Istanbul",Q475338,0.11955755552342974,0.0,1,0.8007374074609505,0.4305687676440647
1120852418,Örme Dikilitaş,The Walled Obelisk,historic,0.7727815775079241,Q1152384,Palace of Daphne,"palaces,architecture,historic_architecture,interesting_places",historic,"Sultanahmet, Istanbul",Q1152384,0.11755056586262937,0.0,1,0.8040823902289511,0.4282987553080302
7656706,Şehzadebaşı Camii,The Şehzade Mosque,attraction,0.6552747371709069,W331196574,Mosque with the Spiral Minaret,"religion,mosques,interesting_places",attraction,"Eminonu, Istanbul",Q1590626,0.09300625901268139,0.0,1,0.8449895683121977,0.4267748657951401
3254460380,Fatih Anıtı,Mehmed II the Conqueror,historic,0.6193331519061661,W23276526,Valens Aqueduct,"bridges,architecture,interesting_places,aqueducts",historic,"Eminonu, Istanbul",Q952924,0.1091382093505482,0.0,1,0.818102984415753,0.4164590612945549
709381141,Sultan II. Selim Türbesi,Mausoleum of Sultan Selim II,historic,0.8004027259690221,W103953125,Tomb of Sultan Ahmet,"religion,mosques,interesting_places",attraction,"Sultanahmet, Istanbul",Q80541,0.25770398011355544,0.3333333333333333,0,0.5704933664774076,0.38933028088292077
109836395,Sultan III. Murad Türbesi,Mausoleum of Sultan Murad III,historic,0.8041543523982415,W103953125,Tomb of Sultan Ahmet,"religion,mosques,interesting_places",attraction,"Sultanahmet, Istanbul",Q80541,0.2371950547409514,0.25,0,0.604674908765081,0.3565841624310944
109836394,Sultan III. Mehmet Türbesi,Mausoleum of Sultan Mehmed III,historic,0.8003294918903925,W103953125,Tomb of Sultan Ahmet,"religion,mosques,interesting_places",attraction,"Sultanahmet, Istanbul",Q80541,0.2642023359320022,0.25,0,0.559662773446663,0.344948642550705
329062194,Sultan 2. Mahmut Türbesi,Mausoleum of Sultan Mahmud II,historic,0.7990432221724273,W103953125,Tomb of Sultan Ahmet,"religion,mosques,interesting_places",attraction,"Sultanahmet, Istanbul",Q80541,0.41778025464178836,0.3333333333333333,0,0.3036995755970193,0.3224958827831642
331191334,Fâtih Sultan Mehmed Han Türbesi,Tomb of Sultan Muhammad Al-Fatih,historic,0.6183452696365977,Q6045782,"İskender Pasha Mosque, Fatih","religion,mosques,interesting_places",attraction,"Eminonu, Istanbul",Q6045782,0.3539684944667107,0.2,0,0.41005250922214886,0.264347654269197
499944929,III. Mustafa Türbesi,Mausoleum Sultan Mustafa Pasha III and his son Sultan Selim III,historic,0.6358621482212943,N5081274335,Pertevniyal Valide Sultan Mosque,"religion,mosques,interesting_places",attraction,"Eminonu, Istanbul",Q2719785,0.2598409701429544,0.1111111111111111,0,0.5669317164284093,0.2608746994847873
499944929,III. Mustafa Türbesi,Mausoleum Sultan Mustafa Pasha III and his son Sultan Selim III,historic,0.6358621482212943,W316903985,Pertevniyal Valide Sultan Mosque,"religion,mosques,interesting_places",attraction,"Eminonu, Istanbul",Q2719785,0.26020772988041585,0.1111111111111111,0,0.5663204501993069,0.2607218829275117
3254460380,Fatih Anıtı,Mehmed II the Conqueror,historic,0.6193331519061661,Q6045782,"İskender Pasha Mosque, Fatih","religion,mosques,interesting_places",attraction,"Eminonu, Istanbul",Q6045782,0.5456692626841625,0.3333333333333333,0,0.0905512288597291,0.25123778907221556
13385771382,Sultan Abdulaziz Han kabri,,historic,0.7578610436970555,W103953125,Tomb of Sultan Ahmet,"religion,mosques,interesting_places",attraction,"Sultanahmet, Istanbul",Q80541,0.4222688097990272,0.2,0,0.29621865033495465,0.24984076695344423
