xid,name,query_area,wikidata,wikipedia_url,candidate_count_same_key,kinds,review_decision,canonical_name,notes
N7215645385,The Blue Mosque,Sultanahmet Core,Q80541,https://en.wikipedia.org/wiki/Sultan%20Ahmed%20Mosque,2,"religion,mosques,interesting_places",,,
R1555271,Hagia Sophia Grand Mosque,Hagia Sophia / Basilica Cistern,Q12506,https://en.wikipedia.org/wiki/Hagia%20Sophia,2,"religion,mosques,churches,cultural,museums,interesting_places,other_museums,catholic_churches",,,
W109862851,The Hagia Sophia Grand Mosque,Hagia Sophia / Basilica Cistern,Q12506,https://en.wikipedia.org/wiki/Hagia%20Sophia,2,"religion,mosques,churches,cultural,museums,interesting_places,other_museums,catholic_churches",,,
W103953125,Tomb of Sultan Ahmet,Sultanahmet Core,Q80541,https://en.wikipedia.org/wiki/Sultan%20Ahmed%20Mosque,2,"religion,mosques,interesting_places",,,
W326372295,Yıldız Palace,Yildiz Palace,Q911734,https://en.wikipedia.org/wiki/Y%C4%B1ld%C4%B1z%20Palace,2,"palaces,architecture,historic_architecture,cultural,museums,interesting_places,other_museums",,,
N4477143891,Yıldız Palace,Yildiz Palace,Q911734,https://en.wikipedia.org/wiki/Y%C4%B1ld%C4%B1z%20Palace,2,"palaces,architecture,historic_architecture,interesting_places",,,
N7294561685,Chora Mosque,Balat / Fener,Q849489,https://en.wikipedia.org/wiki/Chora%20Church,2,"religion,mosques,churches,cultural,museums,interesting_places,other_museums,other_churches",,,
W32395058,Kariye Museum,Balat / Fener,Q849489,https://en.wikipedia.org/wiki/Chora%20Church,2,"religion,mosques,churches,cultural,museums,interesting_places,other_museums,other_churches",,,
R7318154,Rumeli Fortress,Rumeli Hisari,Q90801,https://en.wikipedia.org/wiki/Rumelihisar%C4%B1,2,"fortifications,historic,cultural,museums,interesting_places,castles,history_museums",,,
W102190099,Osman ağa Mosque,Kadikoy Historic Center,Q6029146,https://tr.wikipedia.org/wiki/Osmana%C4%9Fa%20Camii,2,"religion,mosques,interesting_places",,,
N6919989286,Ortaköy Mosque,Ortakoy,Q176380,https://en.wikipedia.org/wiki/Ortak%C3%B6y%20Mosque,2,"religion,mosques,interesting_places",,,
N269370709,Rumelihisarı,Rumeli Hisari,Q90801,https://en.wikipedia.org/wiki/Rumelihisar%C4%B1,2,"fortifications,historic,interesting_places,castles",,,
W498861735,Ortaköy Mosque,Ortakoy,Q176380,,2,"religion,mosques,interesting_places",,,
W600269984,Eyüp Sultan Mosque,Eyup / Pierre Loti,Q956677,,2,"religion,mosques,interesting_places",,,
W261821356,Eyüp Sultan Mosque,Eyup / Pierre Loti,Q956677,,2,"religion,mosques,interesting_places",,,
W61736367,Beylerbeyi Palace,Beylerbeyi Palace,Q794349,,2,"palaces,architecture,historic_architecture,cultural,museums,interesting_places,other_museums",,,
W24826707,Dolmabahçe Palace,Dolmabahce,Q274141,,3,"gardens_and_parks,cultural,urban_environment,interesting_places",,,
W175516451,Dolmabahce Palace,Dolmabahce,Q274141,,3,"palaces,architecture,historic_architecture,cultural,museums,interesting_places,other_museums",,,
N1964555485,Beylerbeyi Palace,Beylerbeyi Palace,Q794349,,2,"palaces,architecture,historic_architecture,interesting_places",,,
W263949137,Dolmabahçe Palace,Dolmabahce,Q274141,,3,"palaces,architecture,historic_architecture,cultural,museums,interesting_places,other_museums",,,
W822870615,New Mosque Square,Eminonu / Spice Bazaar,Q911720,,2,"religion,mosques,interesting_places",,,
W333931123,Mihrimah Sultan Camii,Uskudar Waterfront,Q2537376,,4,"religion,mosques,interesting_places",,,
W333931122,Mihrimah Sultan Camii,Uskudar Waterfront,Q2537376,,4,"religion,mosques,interesting_places",,,
W333931124,Mihrimah Sultan Camii,Uskudar Waterfront,Q2537376,,4,"religion,mosques,interesting_places",,,
W319020883,Istanbul Archaeological Museum,Topkapi Palace,Q636978,,2,"national_museums,archaeological_museums,cultural,museums,interesting_places,history_museums",,,
N1908677124,Milion,Hagia Sophia / Basilica Cistern,Q1187329,,2,"milestones,architecture,historic_architecture,historic,monuments_and_memorials,interesting_places,destroyed_objects,monuments",,,
R7574356,New Mosque,Eminonu / Spice Bazaar,Q911720,,2,"religion,mosques,interesting_places",,,
N5108843107,Milion Stone,Hagia Sophia / Basilica Cistern,Q1187329,,2,"milestones,architecture,historic_architecture,historic,monuments_and_memorials,interesting_places,destroyed_objects,monuments",,,
W180546853,Basilica Cistern,Hagia Sophia / Basilica Cistern,Q216511,,2,"palaces,architecture,historic_architecture,historic,archaeology,interesting_places,other_archaeological_sites",,,
R9534796,Mihrimah Sultan Mosque,Uskudar Waterfront,Q2537376,,4,"religion,mosques,interesting_places",,,
R12097039,Istanbul Archaeology Museums,Topkapi Palace,Q636978,,2,"national_museums,archaeological_museums,cultural,museums,interesting_places,history_museums",,,
R8120955,Turk and Islamic Art Museum,Sultanahmet Core,Q525939,,2,"national_museums,cultural,museums,interesting_places",,,
N5113500256,Museum of Turkish and Islamic arts,Sultanahmet Core,Q525939,,2,"national_museums,cultural,museums,interesting_places",,,
W236504054,Osman ağa Mosque,Kadikoy Historic Center,Q6029146,,2,"religion,mosques,interesting_places",,,
N4312551404,St. Stephan Ortodox church,Balat / Fener,Q2094950,,2,"religion,churches,interesting_places,eastern_orthodox_churches",,,
W175519383,Bulgarian Church of St. Stephen,Balat / Fener,Q2094950,,2,"religion,churches,interesting_places,eastern_orthodox_churches",,,
W307332872,Yerebatan Camii,Hagia Sophia / Basilica Cistern,Q216511,,2,"religion,palaces,architecture,historic_architecture,other_temples,historic,archaeology,interesting_places,other_archaeological_sites",,,
N4169858237,Kadıköy Haldun Taner Stage,Kadikoy Historic Center,Q15533769,,2,"cultural,theatres_and_entertainments,interesting_places,other_theatres",,,
W104061375,Zeynep Sultan Camii,Hagia Sophia / Basilica Cistern,Q1153320,,2,"religion,mosques,interesting_places",,,
W102190100,Haldun Taner Stage,Kadikoy Historic Center,Q15533769,,2,"cultural,theatres_and_entertainments,interesting_places,other_theatres",,,
W335402651,Imperial Mint,Topkapi Palace,Q6090328,,2,"other,unclassified_objects,interesting_places,tourist_object",,,
W136456159,Fethiye Museum,Balat / Fener,Q1420984,,2,"religion,mosques,churches,cultural,museums,interesting_places,other_museums,other_churches",,,
N5243953326,Fethiye Camii,Balat / Fener,Q1420984,,2,"religion,mosques,churches,cultural,museums,interesting_places,other_museums,other_churches",,,
N5108843571,Zeynep Sultan Mosque,Hagia Sophia / Basilica Cistern,Q1153320,,2,"religion,mosques,interesting_places",,,
N5113500244,Cistern of Philoxenos,Sultanahmet Core,Q2728644,,5,"historic,archaeology,cultural,museums,interesting_places,other_museums,other_archaeological_sites",,,
N4516761894,Cistern of Binbirdirek (Philoxenos),Sultanahmet Core,Q2728644,,5,"historic,archaeology,interesting_places,other_archaeological_sites",,,
N4999341455,Binbirdirek,Sultanahmet Core,Q2728644,,5,"historic,archaeology,interesting_places,other_archaeological_sites",,,
N2472730735,Cistern of Philoxenos,Sultanahmet Core,Q2728644,,5,"historic,archaeology,cultural,museums,interesting_places,other_museums,other_archaeological_sites",,,
W214800348,Cistern of Philoxenos,Sultanahmet Core,Q2728644,,5,"historic,archaeology,interesting_places,other_archaeological_sites",,,
R7656706,Şehzade Mosque,Fatih / Valens Aqueduct,Q644677,,3,"religion,mosques,interesting_places",,,
N5243953336,Yavuz Sultan Selim Mosque,Balat / Fener,Q2565329,,3,"religion,mosques,interesting_places",,,
R7328115,Yavuz Sultan Selim Mosque,Balat / Fener,Q2565329,,3,"religion,mosques,interesting_places",,,
N6373152086,Cistern of Aspar,Balat / Fener,Q6076508,,3,"historic,archaeology,interesting_places,other_archaeological_sites",,,
N5113620695,Istanbul Museum of the History of Science and Technology in Islam,Topkapi Palace,Q16850295,,3,"cultural,museums,interesting_places,museums_of_science_and_technology,other_technology_museums",,,
N4774162755,Museum of The History of Science and Technology in Islam,Topkapi Palace,Q16850295,,3,"cultural,museums,interesting_places,museums_of_science_and_technology,other_technology_museums",,,
N4825753221,Istanbul museum of the history of science & technology in islamc,Topkapi Palace,Q16850295,,3,"cultural,museums,interesting_places,museums_of_science_and_technology,other_technology_museums",,,
N4509065890,Şehzade Mosque,Fatih / Valens Aqueduct,Q644677,,3,"religion,mosques,interesting_places",,,
N6072311187,Theodosia Cistern,Sultanahmet Core,Q3150393,,2,"historic,archaeology,interesting_places,other_archaeological_sites",,,
N4509066089,Şehzade Mosque,Fatih / Valens Aqueduct,Q644677,,3,"religion,mosques,interesting_places",,,
N5973063786,Theodosius Cistern,Sultanahmet Core,Q3150393,,2,"historic,archaeology,cultural,museums,interesting_places,other_museums,other_archaeological_sites",,,
N5081445095,Yavuz Selim Mosque,Balat / Fener,Q2565329,,3,"religion,mosques,interesting_places",,,
N4512813092,Cistern of Aspar,Balat / Fener,Q6076508,,3,"historic,archaeology,interesting_places,other_archaeological_sites",,,
W401123337,Beylerbeyi Mosque,Beylerbeyi Palace,Q6845681,,3,"religion,mosques,interesting_places",,,
N551453949,Beylerbeyi Mosque,Beylerbeyi Palace,Q6845681,,3,"religion,mosques,interesting_places",,,
N663391254,Tomb of Sultan II. Mahmud,Sultanahmet Core,Q4273774,,2,"historic,monuments_and_memorials,burial_places,interesting_places,mausoleums,monuments",,,
N5244807624,Mausoleum of Mahmud II,Sultanahmet Core,Q4273774,,2,"historic,monuments_and_memorials,burial_places,interesting_places,mausoleums,monuments",,,
N5113481394,Sultan Cistern,Balat / Fener,Q6076508,,3,"historic,archaeology,interesting_places,other_archaeological_sites,restaurants,foods,tourist_facilities",,,
N3580821812,Muzeum Adama Mickiewicza,Istiklal / Pera,Q4679495,,2,"biographical_museums,historic_house_museums,cultural,museums,interesting_places,history_museums",,,
N3254468506,Adam Mickiewicz Museum,Istiklal / Pera,Q4679495,,2,"biographical_museums,historic_house_museums,cultural,museums,interesting_places,history_museums",,,
W165574748,Kılıç Ali Pasha Complex,Galata Tower,Q862848,,2,"religion,mosques,interesting_places",,,
W499172507,Beylerbeyi Camii,Beylerbeyi Palace,Q6845681,,3,"religion,mosques,interesting_places",,,
W165574764,Kılıç Ali Pasha Complex,Galata Tower,Q862848,,2,"religion,mosques,historic,burial_places,interesting_places,other_burial_places",,,
N6185588853,Taksim Simit,Istiklal / Pera,Q31190329,,2,"religion,mosques,interesting_places",,,
W132052542,Tophane Fountain,Galata Tower,Q6077177,,2,"fountains,cultural,urban_environment,interesting_places",,,
W970169413,Tophane Fountain,Galata Tower,Q6077177,,2,"other,unclassified_objects,interesting_places,tourist_object",,,
W865322627,Taksim Camii,Istiklal / Pera,Q31190329,,2,"religion,mosques,interesting_places",,,
W237058770,Kadıköy Fransız Kilisesi,Kadikoy Historic Center,Q31188348,,2,"religion,churches,interesting_places,catholic_churches",,,
W235253304,Church of the Assumption,Kadikoy Historic Center,Q31188348,,2,"religion,churches,interesting_places,catholic_churches",,,
W316903985,Pertevniyal Valide Sultan Mosque,Fatih / Valens Aqueduct,Q2719785,,2,"religion,mosques,interesting_places",,,
N5081274335,Pertevniyal Valide Sultan Mosque,Fatih / Valens Aqueduct,Q2719785,,2,"religion,mosques,interesting_places",,,
N415068999,Anadoluhisarı,Rumeli Hisari,Q81650,,5,"fortifications,historic,cultural,museums,interesting_places,other_museums,other_fortifications",,,
W525436004,Anadoluhisarı,Rumeli Hisari,Q81650,,5,"fortifications,historic,cultural,museums,interesting_places,other_museums,other_fortifications",,,
W530509576,Palace of the Porphyrogenitus,Balat / Fener,Q1472490,,2,"palaces,architecture,historic_architecture,interesting_places,destroyed_objects",,,
N5112749749,Palace of the Porphyrogenitus,Balat / Fener,Q1472490,,2,"palaces,architecture,historic_architecture,interesting_places",,,
W403116669,Anatolian Castle,Rumeli Hisari,Q81650,,5,"fortifications,historic,cultural,museums,interesting_places,castles,other_museums",,,
N3597084430,Anadoluhisarı,Rumeli Hisari,Q81650,,5,"religion,other_temples,fortifications,historic,cultural,museums,interesting_places,other_museums,other_fortifications",,,
N8582643114,Anadoluhisarı,Rumeli Hisari,Q81650,,5,"fortifications,historic,cultural,museums,interesting_places,other_museums,other_fortifications",,,
R4429629,Walls of Constantinople,Balat / Fener,Q89917,,2,"architecture,historic_architecture,fortifications,defensive_walls,historic,interesting_places,destroyed_objects",,,
W237868337,Atik Valide Camii,Uskudar Waterfront,Q2483550,,2,"religion,mosques,interesting_places",,,
W333935175,Atik Valide Cami,Uskudar Waterfront,Q2483550,,2,"religion,mosques,interesting_places",,,
W32394781,Istanbul City Wall,Eyup / Pierre Loti,Q89917,,2,"fortifications,defensive_walls,historic,interesting_places",,,
N6939603515,Mirar Sinan,Suleymaniye,Q85817770,,2,"historic,monuments_and_memorials,burial_places,interesting_places,other_burial_places,restaurants,foods,monuments,tourist_facilities",,,
W308598205,Tomb of Mimar Sinan,Suleymaniye,Q85817770,,2,"cemeteries,historic,monuments_and_memorials,burial_places,interesting_places,monuments",,,
W335364925,Imperial Gate,Hagia Sophia / Basilica Cistern,Q6090328,,2,"fortifications,defensive_walls,historic,interesting_places",,,
W260976707,Türkiye İş Bankası Museum,Eminonu / Spice Bazaar,Q6053818,,4,"cultural,museums,interesting_places,other_museums",,,
N5111212295,Türkiye İş Bankası Museum,Eminonu / Spice Bazaar,Q6053818,,4,"cultural,museums,interesting_places,other_museums,banks,bank,tourist_facilities",,,
N5110345265,Türkiye İş Bankası Museum,Eminonu / Spice Bazaar,Q6053818,,4,"cultural,museums,interesting_places,other_museums,banks,bank,tourist_facilities",,,
N5110344551,Kepenekci sinan camii,Suleymaniye,Q106223671,,2,"religion,other_temples,interesting_places",,,
W330348666,Category:Kepenekçi Sinan Madrasa,Suleymaniye,Q106223671,,2,"religion,other_temples,interesting_places",,,
W165718178,Galata Dervish House Museum,Galata Tower,Q6090478,,2,"religion,other_temples,cultural,museums,interesting_places,other_museums",,,
N4481947389,Galata Mevlevi House Museum,Galata Tower,Q6090478,,2,"religion,other_temples,cultural,museums,interesting_places,other_museums",,,
N5110347247,Türkiye İş Bankası Museum,Eminonu / Spice Bazaar,Q6053818,,4,"cultural,museums,interesting_places,other_museums,banks,bank,tourist_facilities",,,
N8225587082,Feshane,Eyup / Pierre Loti,Q6059242,,2,"architecture,historic_architecture,interesting_places,other_buildings_and_structures",,,
W240079129,Feshane,Eyup / Pierre Loti,Q6059242,,2,"architecture,historic_architecture,interesting_places,amusements,amusement_parks,other_buildings_and_structures",,,
