poi_id_a,display_name_en_a,query_area_a,poi_id_b,display_name_en_b,query_area_b,category_clean_a,category_clean_b,distance_m,name_norm_a,name_norm_b,sequence_ratio,token_jaccard,same_category,duplicate_match_reason
otm_Q2155032,Siege of Constantinople,Topkapi Palace,otm_Q2742323,Siege of Constantinople,Topkapi Palace,historic,historic,0.0,siege of constantinople,siege of constantinople,1.0,1.0,1,within_0m;high_token_overlap;high_name_similarity_same_category
otm_Q2155032,Siege of Constantinople,Topkapi Palace,otm_Q700886,Siege of Constantinople,Topkapi Palace,historic,historic,0.0,siege of constantinople,siege of constantinople,1.0,1.0,1,within_0m;high_token_overlap;high_name_similarity_same_category
otm_Q2155032,Siege of Constantinople,Topkapi Palace,otm_Q312268,Siege of Constantinople,Topkapi Palace,historic,historic,0.0,siege of constantinople,siege of constantinople,1.0,1.0,1,within_0m;high_token_overlap;high_name_similarity_same_category
otm_Q2155032,Siege of Constantinople,Topkapi Palace,otm_Q1750892,Siege of Constantinople,Topkapi Palace,historic,historic,0.0,siege of constantinople,siege of constantinople,1.0,1.0,1,within_0m;high_token_overlap;high_name_similarity_same_category
otm_Q2155032,Siege of Constantinople,Topkapi Palace,otm_Q3485862,Siege of Constantinople,Topkapi Palace,historic,historic,0.0,siege of constantinople,siege of constantinople,1.0,1.0,1,within_0m;high_token_overlap;high_name_similarity_same_category
otm_Q2155032,Siege of Constantinople,Topkapi Palace,otm_Q3181408,Siege of Constantinople,Eminonu / Spice Bazaar,historic,historic,0.0,siege of constantinople,siege of constantinople,1.0,1.0,1,within_0m;high_token_overlap;high_name_similarity_same_category
otm_Q2155032,Siege of Constantinople,Topkapi Palace,otm_Q767844,Siege of Constantinople,Topkapi Palace,historic,historic,0.0,siege of constantinople,siege of constantinople,1.0,1.0,1,within_0m;high_token_overlap;high_name_similarity_same_category
otm_Q2742323,Siege of Constantinople,Topkapi Palace,otm_Q700886,Siege of Constantinople,Topkapi Palace,historic,historic,0.0,siege of constantinople,siege of constantinople,1.0,1.0,1,within_0m;high_token_overlap;high_name_similarity_same_category
otm_Q2742323,Siege of Constantinople,Topkapi Palace,otm_Q312268,Siege of Constantinople,Topkapi Palace,historic,historic,0.0,siege of constantinople,siege of constantinople,1.0,1.0,1,within_0m;high_token_overlap;high_name_similarity_same_category
otm_Q2742323,Siege of Constantinople,Topkapi Palace,otm_Q1750892,Siege of Constantinople,Topkapi Palace,historic,historic,0.0,siege of constantinople,siege of constantinople,1.0,1.0,1,within_0m;high_token_overlap;high_name_similarity_same_category
otm_Q2742323,Siege of Constantinople,Topkapi Palace,otm_Q3485862,Siege of Constantinople,Topkapi Palace,historic,historic,0.0,siege of constantinople,siege of constantinople,1.0,1.0,1,within_0m;high_token_overlap;high_name_similarity_same_category
otm_Q2742323,Siege of Constantinople,Topkapi Palace,otm_Q3181408,Siege of Constantinople,Eminonu / Spice Bazaar,historic,historic,0.0,siege of constantinople,siege of constantinople,1.0,1.0,1,within_0m;high_token_overlap;high_name_similarity_same_category
otm_Q2742323,Siege of Constantinople,Topkapi Palace,otm_Q767844,Siege of Constantinople,Topkapi Palace,historic,historic,0.0,siege of constantinople,siege of constantinople,1.0,1.0,1,within_0m;high_token_overlap;high_name_similarity_same_category
otm_Q312268,Siege of Constantinople,Topkapi Palace,otm_Q700886,Siege of Constantinople,Topkapi Palace,historic,historic,0.0,siege of constantinople,siege of constantinople,1.0,1.0,1,within_0m;high_token_overlap;high_name_similarity_same_category
otm_Q312268,Siege of Constantinople,Topkapi Palace,otm_Q1750892,Siege of Constantinople,Topkapi Palace,historic,historic,0.0,siege of constantinople,siege of constantinople,1.0,1.0,1,within_0m;high_token_overlap;high_name_similarity_same_category
otm_Q312268,Siege of Constantinople,Topkapi Palace,otm_Q3485862,Siege of Constantinople,Topkapi Palace,historic,historic,0.0,siege of constantinople,siege of constantinople,1.0,1.0,1,within_0m;high_token_overlap;high_name_similarity_same_category
otm_Q312268,Siege of Constantinople,Topkapi Palace,otm_Q3181408,Siege of Constantinople,Eminonu / Spice Bazaar,historic,historic,0.0,siege of constantinople,siege of constantinople,1.0,1.0,1,within_0m;high_token_overlap;high_name_similarity_same_category
otm_Q312268,Siege of Constantinople,Topkapi Palace,otm_Q767844,Siege of Constantinople,Topkapi Palace,historic,historic,0.0,siege of constantinople,siege of constantinople,1.0,1.0,1,within_0m;high_token_overlap;high_name_similarity_same_category
otm_Q767844,Siege of Constantinople,Topkapi Palace,otm_Q700886,Siege of Constantinople,Topkapi Palace,historic,historic,0.0,siege of constantinople,siege of constantinople,1.0,1.0,1,within_0m;high_token_overlap;high_name_similarity_same_category
otm_Q767844,Siege of Constantinople,Topkapi Palace,otm_Q1750892,Siege of Constantinople,Topkapi Palace,historic,historic,0.0,siege of constantinople,siege of constantinople,1.0,1.0,1,within_0m;high_token_overlap;high_name_similarity_same_category
otm_Q767844,Siege of Constantinople,Topkapi Palace,otm_Q3485862,Siege of Constantinople,Topkapi Palace,historic,historic,0.0,siege of constantinople,siege of constantinople,1.0,1.0,1,within_0m;high_token_overlap;high_name_similarity_same_category
otm_Q767844,Siege of Constantinople,Topkapi Palace,otm_Q3181408,Siege of Constantinople,Eminonu / Spice Bazaar,historic,historic,0.0,siege of constantinople,siege of constantinople,1.0,1.0,1,within_0m;high_token_overlap;high_name_similarity_same_category
otm_Q1750892,Siege of Constantinople,Topkapi Palace,otm_Q700886,Siege of Constantinople,Topkapi Palace,historic,historic,0.0,siege of constantinople,siege of constantinople,1.0,1.0,1,within_0m;high_token_overlap;high_name_similarity_same_category
otm_Q1750892,Siege of Constantinople,Topkapi Palace,otm_Q3485862,Siege of Constantinople,Topkapi Palace,historic,historic,0.0,siege of constantinople,siege of constantinople,1.0,1.0,1,within_0m;high_token_overlap;high_name_similarity_same_category
otm_Q1750892,Siege of Constantinople,Topkapi Palace,otm_Q3181408,Siege of Constantinople,Eminonu / Spice Bazaar,historic,historic,0.0,siege of constantinople,siege of constantinople,1.0,1.0,1,within_0m;high_token_overlap;high_name_similarity_same_category
otm_Q700886,Siege of Constantinople,Topkapi Palace,otm_Q3485862,Siege of Constantinople,Topkapi Palace,historic,historic,0.0,siege of constantinople,siege of constantinople,1.0,1.0,1,within_0m;high_token_overlap;high_name_similarity_same_category
otm_Q700886,Siege of Constantinople,Topkapi Palace,otm_Q3181408,Siege of Constantinople,Eminonu / Spice Bazaar,historic,historic,0.0,siege of constantinople,siege of constantinople,1.0,1.0,1,within_0m;high_token_overlap;high_name_similarity_same_category
otm_Q3485862,Siege of Constantinople,Topkapi Palace,otm_Q3181408,Siege of Constantinople,Eminonu / Spice Bazaar,historic,historic,0.0,siege of constantinople,siege of constantinople,1.0,1.0,1,within_0m;high_token_overlap;high_name_similarity_same_category
otm_Q2155032,Siege of Constantinople,Topkapi Palace,otm_Q399482,Siege of Constantinople (674-678),Topkapi Palace,historic,historic,0.0,siege of constantinople,siege of constantinople 674 678,0.8519,0.6,1,within_0m;high_token_overlap;high_name_similarity_same_category
otm_Q2155032,Siege of Constantinople,Topkapi Palace,otm_Q956679,Siege of Constantinople (821-823),Eminonu / Spice Bazaar,historic,historic,0.0,siege of constantinople,siege of constantinople 821 823,0.8519,0.6,1,within_0m;high_token_overlap;high_name_similarity_same_category
otm_Q2742323,Siege of Constantinople,Topkapi Palace,otm_Q399482,Siege of Constantinople (674-678),Topkapi Palace,historic,historic,0.0,siege of constantinople,siege of constantinople 674 678,0.8519,0.6,1,within_0m;high_token_overlap;high_name_similarity_same_category
otm_Q2742323,Siege of Constantinople,Topkapi Palace,otm_Q956679,Siege of Constantinople (821-823),Eminonu / Spice Bazaar,historic,historic,0.0,siege of constantinople,siege of constantinople 821 823,0.8519,0.6,1,within_0m;high_token_overlap;high_name_similarity_same_category
otm_Q312268,Siege of Constantinople,Topkapi Palace,otm_Q399482,Siege of Constantinople (674-678),Topkapi Palace,historic,historic,0.0,siege of constantinople,siege of constantinople 674 678,0.8519,0.6,1,within_0m;high_token_overlap;high_name_similarity_same_category
otm_Q312268,Siege of Constantinople,Topkapi Palace,otm_Q956679,Siege of Constantinople (821-823),Eminonu / Spice Bazaar,historic,historic,0.0,siege of constantinople,siege of constantinople 821 823,0.8519,0.6,1,within_0m;high_token_overlap;high_name_similarity_same_category
otm_Q767844,Siege of Constantinople,Topkapi Palace,otm_Q399482,Siege of Constantinople (674-678),Topkapi Palace,historic,historic,0.0,siege of constantinople,siege of constantinople 674 678,0.8519,0.6,1,within_0m;high_token_overlap;high_name_similarity_same_category
otm_Q767844,Siege of Constantinople,Topkapi Palace,otm_Q956679,Siege of Constantinople (821-823),Eminonu / Spice Bazaar,historic,historic,0.0,siege of constantinople,siege of constantinople 821 823,0.8519,0.6,1,within_0m;high_token_overlap;high_name_similarity_same_category
otm_Q1750892,Siege of Constantinople,Topkapi Palace,otm_Q399482,Siege of Constantinople (674-678),Topkapi Palace,historic,historic,0.0,siege of constantinople,siege of constantinople 674 678,0.8519,0.6,1,within_0m;high_token_overlap;high_name_similarity_same_category
otm_Q1750892,Siege of Constantinople,Topkapi Palace,otm_Q956679,Siege of Constantinople (821-823),Eminonu / Spice Bazaar,historic,historic,0.0,siege of constantinople,siege of constantinople 821 823,0.8519,0.6,1,within_0m;high_token_overlap;high_name_similarity_same_category
otm_Q700886,Siege of Constantinople,Topkapi Palace,otm_Q399482,Siege of Constantinople (674-678),Topkapi Palace,historic,historic,0.0,siege of constantinople,siege of constantinople 674 678,0.8519,0.6,1,within_0m;high_token_overlap;high_name_similarity_same_category
otm_Q700886,Siege of Constantinople,Topkapi Palace,otm_Q956679,Siege of Constantinople (821-823),Eminonu / Spice Bazaar,historic,historic,0.0,siege of constantinople,siege of constantinople 821 823,0.8519,0.6,1,within_0m;high_token_overlap;high_name_similarity_same_category
otm_Q399482,Siege of Constantinople (674-678),Topkapi Palace,otm_Q3485862,Siege of Constantinople,Topkapi Palace,historic,historic,0.0,siege of constantinople 674 678,siege of constantinople,0.8519,0.6,1,within_0m;high_token_overlap;high_name_similarity_same_category
otm_Q399482,Siege of Constantinople (674-678),Topkapi Palace,otm_Q3181408,Siege of Constantinople,Eminonu / Spice Bazaar,historic,historic,0.0,siege of constantinople 674 678,siege of constantinople,0.8519,0.6,1,within_0m;high_token_overlap;high_name_similarity_same_category
otm_Q956679,Siege of Constantinople (821-823),Eminonu / Spice Bazaar,otm_Q3485862,Siege of Constantinople,Topkapi Palace,historic,historic,0.0,siege of constantinople 821 823,siege of constantinople,0.8519,0.6,1,within_0m;high_token_overlap;high_name_similarity_same_category
otm_Q956679,Siege of Constantinople (821-823),Eminonu / Spice Bazaar,otm_Q3181408,Siege of Constantinople,Eminonu / Spice Bazaar,historic,historic,0.0,siege of constantinople 821 823,siege of constantinople,0.8519,0.6,1,within_0m;high_token_overlap;high_name_similarity_same_category
otm_Q399482,Siege of Constantinople (674-678),Topkapi Palace,otm_Q956679,Siege of Constantinople (821-823),Eminonu / Spice Bazaar,historic,historic,0.0,siege of constantinople 674 678,siege of constantinople 821 823,0.8387,0.4286,1,within_0m;high_name_similarity_same_category
otm_Q6070291,Mahmutpaşa Camii,Eminonu / Spice Bazaar,otm_W175517661,Mahmut Pasha Hamam,Eminonu / Spice Bazaar,religious,religious,9.31,mahmutpasa,mahmut pasha,0.9091,0.0,1,within_9m;high_name_similarity_same_category
otm_N4509066189,Vefa Kilise Mosque,Suleymaniye,otm_N4945509321,Vefa,Fatih / Valens Aqueduct,religious,historic,65.06,vefa,vefa,1.0,1.0,0,within_65m;high_token_overlap
otm_Q2155032,Siege of Constantinople,Topkapi Palace,otm_Q27900,Siege of Constantinople (717-718),Eminonu / Spice Bazaar,historic,historic,90.19,siege of constantinople,siege of constantinople 717 718,0.8519,0.6,1,within_90m;high_token_overlap;high_name_similarity_same_category
otm_Q2742323,Siege of Constantinople,Topkapi Palace,otm_Q27900,Siege of Constantinople (717-718),Eminonu / Spice Bazaar,historic,historic,90.19,siege of constantinople,siege of constantinople 717 718,0.8519,0.6,1,within_90m;high_token_overlap;high_name_similarity_same_category
otm_Q312268,Siege of Constantinople,Topkapi Palace,otm_Q27900,Siege of Constantinople (717-718),Eminonu / Spice Bazaar,historic,historic,90.19,siege of constantinople,siege of constantinople 717 718,0.8519,0.6,1,within_90m;high_token_overlap;high_name_similarity_same_category
otm_Q767844,Siege of Constantinople,Topkapi Palace,otm_Q27900,Siege of Constantinople (717-718),Eminonu / Spice Bazaar,historic,historic,90.19,siege of constantinople,siege of constantinople 717 718,0.8519,0.6,1,within_90m;high_token_overlap;high_name_similarity_same_category
otm_Q1750892,Siege of Constantinople,Topkapi Palace,otm_Q27900,Siege of Constantinople (717-718),Eminonu / Spice Bazaar,historic,historic,90.19,siege of constantinople,siege of constantinople 717 718,0.8519,0.6,1,within_90m;high_token_overlap;high_name_similarity_same_category
otm_Q700886,Siege of Constantinople,Topkapi Palace,otm_Q27900,Siege of Constantinople (717-718),Eminonu / Spice Bazaar,historic,historic,90.19,siege of constantinople,siege of constantinople 717 718,0.8519,0.6,1,within_90m;high_token_overlap;high_name_similarity_same_category
otm_Q27900,Siege of Constantinople (717-718),Eminonu / Spice Bazaar,otm_Q3485862,Siege of Constantinople,Topkapi Palace,historic,historic,90.19,siege of constantinople 717 718,siege of constantinople,0.8519,0.6,1,within_90m;high_token_overlap;high_name_similarity_same_category
otm_Q27900,Siege of Constantinople (717-718),Eminonu / Spice Bazaar,otm_Q3181408,Siege of Constantinople,Eminonu / Spice Bazaar,historic,historic,90.19,siege of constantinople 717 718,siege of constantinople,0.8519,0.6,1,within_90m;high_token_overlap;high_name_similarity_same_category
otm_Q399482,Siege of Constantinople (674-678),Topkapi Palace,otm_Q27900,Siege of Constantinople (717-718),Eminonu / Spice Bazaar,historic,historic,90.19,siege of constantinople 674 678,siege of constantinople 717 718,0.9032,0.4286,1,within_90m;high_name_similarity_same_category
otm_Q27900,Siege of Constantinople (717-718),Eminonu / Spice Bazaar,otm_Q956679,Siege of Constantinople (821-823),Eminonu / Spice Bazaar,historic,historic,90.19,siege of constantinople 717 718,siege of constantinople 821 823,0.871,0.4286,1,within_90m;high_name_similarity_same_category
