xid,name,query_area,wikidata,wikipedia_url,candidate_count_same_key,review_decision,canonical_name,review_notes,kinds
N5110344551,Kepenekci sinan camii,Suleymaniye,Q106223671,,2,needs_discussion,Kepenekçi Sinan,Mosque vs madrasa/category name; related but not clearly same POI,"religion,other_temples,interesting_places"
W330348666,Category:Kepenekçi Sinan Madrasa,Suleymaniye,Q106223671,,2,needs_discussion,Kepenekçi Sinan,Mosque vs madrasa/category name; related but not clearly same POI,"religion,other_temples,interesting_places"
W180546853,Basilica Cistern,Hagia Sophia / Basilica Cistern,Q216511,,2,needs_discussion,Basilica Cistern,Basilica Cistern vs Yerebatan Camii name mismatch,"palaces,architecture,historic_architecture,historic,archaeology,interesting_places,other_archaeological_sites"
W307332872,Yerebatan Camii,Hagia Sophia / Basilica Cistern,Q216511,,2,needs_discussion,Basilica Cistern,Basilica Cistern vs Yerebatan Camii name mismatch,"religion,palaces,architecture,historic_architecture,other_temples,historic,archaeology,interesting_places,other_archaeological_sites"
N6185588853,Taksim Simit,Istiklal / Pera,Q31190329,,2,needs_discussion,Taksim Mosque,Taksim Simit looks like bad/mismatched name,"religion,mosques,interesting_places"
W865322627,Taksim Camii,Istiklal / Pera,Q31190329,,2,needs_discussion,Taksim Mosque,Taksim Simit looks like bad/mismatched name,"religion,mosques,interesting_places"
N6373152086,Cistern of Aspar,Balat / Fener,Q6076508,,3,needs_discussion,Cistern of Aspar,Cistern vs Sultan Cistern/restaurant venue; may be related but not clearly same POI,"historic,archaeology,interesting_places,other_archaeological_sites"
N4512813092,Cistern of Aspar,Balat / Fener,Q6076508,,3,needs_discussion,Cistern of Aspar,Cistern vs Sultan Cistern/restaurant venue; may be related but not clearly same POI,"historic,archaeology,interesting_places,other_archaeological_sites"
N5113481394,Sultan Cistern,Balat / Fener,Q6076508,,3,needs_discussion,Cistern of Aspar,Cistern vs Sultan Cistern/restaurant venue; may be related but not clearly same POI,"historic,archaeology,interesting_places,other_archaeological_sites,restaurants,foods,tourist_facilities"
