poi_id_1,name_1,name_en_1,category_1,poi_id_2,name_2,name_en_2,category_2,cluster_id,distance_km,root_overlap_score,same_category,importance_1,importance_2,group_decision,group_type,family_name,entity_name,notes
5112750831,İvaz Efendi Çeşmesi,,historic,1202955220,İvaz Efendi Çeşmesi,,historic,12,8.887099398922954e-05,1.0,1,0.6254668218266779,0.6254667924856728,,,,,
247442912,Masumiyet Müzesi,,museum,3279398393,Masumiyet Müzesi,The Museum of Innocence,museum,12,0.0037996722087939683,1.0,1,0.6940323660602588,0.6940253995863866,,,,,
9909824529,Orhan Kemal Müzesi,,museum,24533505,Orhan Kemal Müzesi,Orhan Kemal Museum,museum,12,0.00680016933252518,1.0,1,0.6535984166006199,0.6498973052235593,,,,,
1203332143,Ebu Şeybe El-Hudri Türbesi,,historic,5112750839,Ebu Şeybe El-Hudri Türbesi,,attraction,12,0.007073114516368798,1.0,0,0.6515714616625723,0.6395749176203515,,,,,
499944905,Atik Ali Paşa Medresesi,,historic,3374681017,Atik Ali Paşa Medresesi,,historic,12,0.008571033948971052,1.0,1,0.6945780725228948,0.6872196114313097,,,,,
1555271,Ayasofya-i Kebir Câmi-i Şerifi,,museum,109862851,Ayasofya-i Kebir Câmi-i Şerifi,Hagia Sophia,attraction,12,0.01245957436528943,1.0,0,0.7681835752931446,0.747139150398643,,,,,
1423624920,Kuşluk,,historic,1423624916,Kuşluk Köşkü,,historic,12,0.029827346719759344,1.0,1,0.6641942621195024,0.6606261921843108,,,,,
225470917,I. Hareket Köşkü,,historic,225470899,II. Hareket Köşkü,,historic,12,0.0307892432137915,1.0,1,0.6638234896402336,0.6563807937639404,,,,,
530624261,Yavuz Sultan Selim Türbesi,Tomb of Selim the Resolute,historic,7328115,Yavuz Sultan Selim Cami,Yavuz Sultan Selim Mosque,attraction,12,0.04930633787065335,1.0,0,0.6538401204602468,0.6303418663328798,,,,,
2472730735,Binbirdirek Sarnıcı,Cistern of Philoxenos,museum,214800348,Binbirdirek Sarnıcı,,park,12,0.05719111435040997,1.0,0,0.8041686522513595,0.6729314186689355,,,,,
1184924695,Yerebatan Sarnıcı,,historic,11006008339,Yerebatan Sarnıcı,Basilica Cistern (Exit),attraction,12,0.07536144586649109,1.0,0,0.7850238528242527,0.7695882352941177,,,,,
4297527,Rahmi M. Koç Müzesi,,museum,988346544,Rahmi M. Koç Müzesi,,museum,12,0.08284569502773068,1.0,1,0.6426252988267107,0.6392287794820162,,,,,
110017005,İstanbul Üniversitesi Kapı Köşkü,,historic,110016988,İstanbul Üniversitesi Kapı Köşkü,,historic,12,0.09379751937870837,1.0,1,0.6339974378474112,0.6263409450360584,,,,,
103953128,Sultan Ahmet Medresesi,Sultan Ahmed Madrasah,historic,25428553,Sultan Ahmet Parkı,,park,12,0.10384263526663345,1.0,0,0.7956527541776205,0.6814618235586957,,,,,
103953125,Sultan Ahmet Türbesi,Tomb of Sultan Ahmed I,attraction,25428553,Sultan Ahmet Parkı,,park,12,0.10626221955647047,1.0,0,0.8358979261397337,0.6814618235586957,,,,,
13357454623,Nimelceyş Kabiri,,historic,13357454626,Nimelceyş Kabiri,,historic,12,0.11191800772869878,1.0,1,0.6734037956995331,0.636299107220153,,,,,
708327981,Galata citywalls,,historic,708327982,Galata Surları,Galata Citywalls,historic,12,0.14399774237613971,1.0,1,0.6347668799982107,0.6202265386126733,,,,,
708327982,Galata Surları,Galata Citywalls,historic,708327979,Galata Citywalls,,historic,12,0.25371256707680007,1.0,1,0.6202265386126733,0.6159263910230991,,,,,
32396432,III. Ahmet Çeşmesi,Sultan Ahmed III Fountain,attraction,25428553,Sultan Ahmet Parkı,,park,12,0.287510958707996,1.0,0,0.7283870411993926,0.6814618235586957,,,,,
1272160893,Gülhane Kapısı,,historic,25542618,Gülhane Parkı,Gülhane Park,park,12,0.2918144696458823,1.0,0,0.6828882476466029,0.6170657287097114,,,,,
1395835665,Haseki Hafsa Sultan Türbesi,,historic,530624260,Ayşe Hafsa Sultan Türbesi,,historic,12,0.015599329315031413,0.75,1,0.6465353558167705,0.6465040075778425,,,,,
3374678648,Kara Mustafa Paşa Külliyesi,,historic,5244807882,Merzifonlu Kara Mustafa Paşa Medresesi,,attraction,12,0.01570975859246699,0.75,0,0.6718308526207518,0.6635622935449846,,,,,
103953125,Sultan Ahmet Türbesi,Tomb of Sultan Ahmed I,attraction,103953128,Sultan Ahmet Medresesi,Sultan Ahmed Madrasah,historic,12,0.03258117624703163,0.75,0,0.8358979261397337,0.7956527541776205,,,,,
109836395,Sultan III. Murad Türbesi,Mausoleum of Sultan Murad III,historic,109836394,Sultan III. Mehmet Türbesi,Mausoleum of Sultan Mehmed III,historic,12,0.04081218130525191,0.75,1,0.8041543523982415,0.8003294918903925,,,,,
111002508,Gazi Atik Ali Paşa Camii,,historic,3374681017,Atik Ali Paşa Medresesi,,historic,12,0.060151074111960925,0.75,1,0.715883033994211,0.6872196114313097,,,,,
111002508,Gazi Atik Ali Paşa Camii,,historic,499944905,Atik Ali Paşa Medresesi,,historic,12,0.06479735702998955,0.75,1,0.715883033994211,0.6945780725228948,,,,,
335374188,İstanbul Arkeoloji Müzeleri,,museum,319020883,İstanbul Arkeoloji Müzesi,Istanbul Archaeological Museum,museum,12,0.014518422625775552,0.6666666666666666,1,0.7934602030966318,0.7934516853177431,,,,,
109836395,Sultan III. Murad Türbesi,Mausoleum of Sultan Murad III,historic,709381141,Sultan II. Selim Türbesi,Mausoleum of Sultan Selim II,historic,12,0.022560231829305125,0.6666666666666666,1,0.8041543523982415,0.8004027259690221,,,,,
709381141,Sultan II. Selim Türbesi,Mausoleum of Sultan Selim II,historic,109836394,Sultan III. Mehmet Türbesi,Mausoleum of Sultan Mehmed III,historic,12,0.022926453698379597,0.6666666666666666,1,0.8004027259690221,0.8003294918903925,,,,,
175519814,Sokullu Mehmet Paşa Türbesi,,historic,175519815,Siyavuş Paşa Türbesi,,historic,17,0.03267702822510097,0.6666666666666666,1,0.6219970013392484,0.6219215373760532,,,,,
263956600,Dolmabahçe Sarayı Hazine-i Hassa Dairesi,,historic,1423624915,Dolmabahçe Sarayı Hazine Kapısı,,historic,12,0.03342352724811575,0.6666666666666666,1,0.7035369557659662,0.6998066330798159,,,,,
165574764,Kılıç Ali Paşa Türbesi,,historic,165574748,Kılıç Ali Paşa Camii,Kılıç Ali Pasha Mosque,attraction,12,0.03683020050143763,0.6666666666666666,0,0.6464136351281462,0.6290306746836557,,,,,
13615790287,Lausos Sarayı'nın Kalıntıları,,historic,1075801479,Antiochos Sarayı'nın Kalıntıları,,historic,12,0.03803391584053909,0.6666666666666666,1,0.8630041366163068,0.8592239579009757,,,,,
1197779763,Sirkeci Dede Türbesi,,historic,1197780727,Aya Dede Türbesi,,historic,12,0.03974066104814213,0.6666666666666666,1,0.6470649304645547,0.647005738310853,,,,,
103907772,Dîvân-ı Hümâyûn,Imperial Council Hall,historic,4743322,Harem-i Hümayûn,Imperial Harem,historic,12,0.06746720532502738,0.6666666666666666,1,0.7242256908054279,0.720411605205976,,,,,
175519815,Siyavuş Paşa Türbesi,,historic,329233495,Pertev Paşa Türbesi,,historic,17,0.0678090054540018,0.6666666666666666,1,0.6219215373760532,0.618051172398595,,,,,
175519814,Sokullu Mehmet Paşa Türbesi,,historic,329233152,Mehmet Ağa Türbesi,,historic,17,0.07298410272181295,0.6666666666666666,1,0.6219970013392484,0.6181491432092946,,,,,
1120852417,Theodosius Dikilitaşı,Obelisk of Theodosius,historic,1120852418,Örme Dikilitaş,The Walled Obelisk,historic,12,0.07460489401725402,0.6666666666666666,1,0.787757479192329,0.7727815775079241,,,,,
103953125,Sultan Ahmet Türbesi,Tomb of Sultan Ahmed I,attraction,25512790,Sultanahmet Meydanı,Sultan Ahmed Square,attraction,12,0.08377359037514538,0.6666666666666666,1,0.8358979261397337,0.7760674446106873,,,,,
103953128,Sultan Ahmet Medresesi,Sultan Ahmed Madrasah,historic,25512790,Sultanahmet Meydanı,Sultan Ahmed Square,attraction,12,0.09837556694767696,0.6666666666666666,0,0.7956527541776205,0.7760674446106873,,,,,
175519814,Sokullu Mehmet Paşa Türbesi,,historic,329233495,Pertev Paşa Türbesi,,historic,17,0.09999605663721318,0.6666666666666666,1,0.6219970013392484,0.618051172398595,,,,,
1271934199,Dolmabahçe Sarayı Saltanat Kapı,,historic,1423624915,Dolmabahçe Sarayı Hazine Kapısı,,historic,12,0.15831786911068996,0.6666666666666666,1,0.7286787517548909,0.6998066330798159,,,,,
8120955,İbrahim Paşa Sarayı,Ibrahim Pasha Palace,historic,527580309,Keçecizâde Fuad Paşa Türbesi,Turbe of Keçecizâde Fuad Pasha,historic,12,0.16590841786056132,0.6666666666666666,1,0.8589147224356382,0.8210574583077491,,,,,
1271934199,Dolmabahçe Sarayı Saltanat Kapı,,historic,13084855510,Dolmabahçe Sarayı Deniz Kapısı,,historic,12,0.19336394031959137,0.6666666666666666,1,0.7286787517548909,0.7284865118906544,,,,,
151790453,Haseki Hürrem Hamamı,Haseki Hürrem Hammam,attraction,330344403,İshakpaşa Hamamı,İshakpaşa Hammam,historic,12,0.2012997814907533,0.6666666666666666,0,0.7581456549893157,0.710768405013746,,,,,
1620494633,Hatice Turhan Sultan Türbesi,Tomb of Hatice Turhan Sultan,historic,333112194,Sultan 1. Abdülhamit Türbesi,,historic,12,0.20230800284694211,0.6666666666666666,1,0.6867309156333706,0.6762663213923491,,,,,
263949137,Dolmabahçe Sarayı Harem Bölümü,Dolmabahce Palace,museum,175516451,Dolmabahçe Sarayı Selamlık Bölümü,Dolmabahce Palace,museum,12,0.20722766124359976,0.6666666666666666,1,0.7443358151610736,0.737641460823832,,,,,
103953125,Sultan Ahmet Türbesi,Tomb of Sultan Ahmed I,attraction,709381141,Sultan II. Selim Türbesi,Mausoleum of Sultan Selim II,historic,12,0.2615602585974653,0.6666666666666666,0,0.8358979261397337,0.8004027259690221,,,,,
5244801843,Marmara Üniversitesi Cumhuriyet Müzesi ve Sanat Galerisi,,museum,4742207,Marmara Üniversitesi Cumhuriyet Müzesi,Marmara University Republic Museum,museum,12,0.04400810470681299,0.6,1,0.8044155331141827,0.7895549811324903,,,,,
13385771381,IV. Mehmet Türbesi,Tomb of Mehmed the Hunter,historic,13385771383,V. Murat Türbesi,,historic,12,0.00946082940413684,0.5,1,0.6867526648720581,0.6867189612860543,,,,,
5783643263,Fransiz Gecidi,,attraction,6132230786,Fransız Geçidi,,attraction,12,0.013462064371438341,0.5,1,0.6160407778971839,0.6160004891525996,,,,,
329062194,Sultan 2. Mahmut Türbesi,Mausoleum of Sultan Mahmud II,historic,13385771384,II. Abdülhamid Türbesi,,historic,12,0.01708392517759629,0.5,1,0.7990432221724273,0.7953630943761127,,,,,
1620494633,Hatice Turhan Sultan Türbesi,Tomb of Hatice Turhan Sultan,historic,13385771383,V. Murat Türbesi,,historic,12,0.017289658401964576,0.5,1,0.6867309156333706,0.6867189612860543,,,,,
530624261,Yavuz Sultan Selim Türbesi,Tomb of Selim the Resolute,historic,1395835665,Haseki Hafsa Sultan Türbesi,,historic,12,0.019949245802005307,0.5,1,0.6538401204602468,0.6465353558167705,,,,,
23236783,Galata Kulesi,Galata Tower,attraction,708327981,Galata citywalls,,historic,12,0.023937104318326848,0.5,0,0.6791555268577218,0.6347668799982107,,,,,
329063100,Sinan Paşa Türbesi,Tomb of Sinan Pasha,historic,3374678647,Koca Sinan Paşa Külliyesi,,historic,12,0.027941207664123835,0.5,1,0.7169761839515824,0.6722247030540077,,,,,
530624261,Yavuz Sultan Selim Türbesi,Tomb of Selim the Resolute,historic,530624260,Ayşe Hafsa Sultan Türbesi,,historic,12,0.028343956428237668,0.5,1,0.6538401204602468,0.6465040075778425,,,,,
969327995,Revan Köşkü,Yerevan Kiosk,historic,32396296,Bağdad Köşkü,Baghdad Kiosk,historic,12,0.03675399250804878,0.5,1,0.6978588286277544,0.6904149314171952,,,,,
110017005,İstanbul Üniversitesi Kapı Köşkü,,historic,110016998,Seraskerlik Kapısı,,historic,12,0.04590351823058517,0.5,1,0.6339974378474112,0.6264977354558695,,,,,
110016998,Seraskerlik Kapısı,,historic,110016988,İstanbul Üniversitesi Kapı Köşkü,,historic,12,0.047903449145301015,0.5,1,0.6264977354558695,0.6263409450360584,,,,,
2996272,Agavat Dairesi (Deniz Müzesi K. Tarih Arşivi),,historic,1043098720,Musahiban Dairesi,,historic,12,0.05321318343167571,0.5,1,0.6937651765556849,0.6564107854679812,,,,,
329063100,Sinan Paşa Türbesi,Tomb of Sinan Pasha,historic,5244807872,Karababa Türbesi,,historic,12,0.07000744056726656,0.5,1,0.7169761839515824,0.7024260330596697,,,,,
110313596,Şehzade Mehmet Kervansarayı,,historic,7656706,Şehzadebaşı Camii,The Şehzade Mosque,attraction,12,0.08672663670710737,0.5,0,0.7028605861821408,0.6552747371709069,,,,,
225470905,Kızlarağası Dairesi,,historic,225470921,Baltacılar Dairesi,,historic,12,0.09025790959525538,0.5,1,0.6637419776059456,0.6560912875959969,,,,,
498861861,Çırağan Sarayı,Ciragan Palace,historic,895150392,Çırağan Sarayı Geçidi,,historic,10,0.090528156065719,0.5,1,0.6398583135354863,0.6396316407341229,,,,,
13385771382,Sultan Abdulaziz Han kabri,,historic,111862615,Vezir Hanı,,museum,12,0.09204328470843376,0.5,0,0.7578610436970555,0.7298805790426722,,,,,
969327995,Revan Köşkü,Yerevan Kiosk,historic,32396254,Mecidiye Köşkü,Grand Kiosk,historic,12,0.09351689619864823,0.5,1,0.6978588286277544,0.6829485914539596,,,,,
1272160893,Gülhane Kapısı,,historic,13357454659,Hasbahçe Kapısı,,historic,12,0.10365863418896679,0.5,1,0.6828882476466029,0.66782165147115,,,,,
1271934199,Dolmabahçe Sarayı Saltanat Kapı,,historic,1423624921,Koltuk Kapısı,,historic,12,0.10731704422172916,0.5,1,0.7286787517548909,0.6608637993223796,,,,,
32396296,Bağdad Köşkü,Baghdad Kiosk,historic,32396254,Mecidiye Köşkü,Grand Kiosk,historic,12,0.10827502136611376,0.5,1,0.6904149314171952,0.6829485914539596,,,,,
3374678647,Koca Sinan Paşa Külliyesi,,historic,3374678648,Kara Mustafa Paşa Külliyesi,,historic,12,0.10988905095564598,0.5,1,0.6722247030540077,0.6718308526207518,,,,,
519572403,Nakşidil Valide Sultan Türbesi,,historic,331191334,Fâtih Sultan Mehmed Han Türbesi,Tomb of Sultan Muhammad Al-Fatih,historic,12,0.11078227677656279,0.5,1,0.6371092540655159,0.6183452696365977,,,,,
1154702450,Şerefiye Sarnıcı,Theodosia Cistern,museum,214800348,Binbirdirek Sarnıcı,,park,12,0.11428864423398216,0.5,0,0.781489165166183,0.6729314186689355,,,,,
2996272,Agavat Dairesi (Deniz Müzesi K. Tarih Arşivi),,historic,225470905,Kızlarağası Dairesi,,historic,12,0.1155530619875537,0.5,1,0.6937651765556849,0.6637419776059456,,,,,
23236783,Galata Kulesi,Galata Tower,attraction,708327982,Galata Surları,Galata Citywalls,historic,12,0.12343297241675623,0.5,0,0.6791555268577218,0.6202265386126733,,,,,
13084855510,Dolmabahçe Sarayı Deniz Kapısı,,historic,1423624921,Koltuk Kapısı,,historic,12,0.12881282995710464,0.5,1,0.7284865118906544,0.6608637993223796,,,,,
18055570,Sultanahmet Camii,Blue Mosque,attraction,25512790,Sultanahmet Meydanı,Sultan Ahmed Square,attraction,12,0.13359793011035626,0.5,1,0.8079814929979688,0.7760674446106873,,,,,
109836395,Sultan III. Murad Türbesi,Mausoleum of Sultan Murad III,historic,25428553,Sultan Ahmet Parkı,,park,12,0.13579952647987248,0.5,0,0.8041543523982415,0.6814618235586957,,,,,
1043098720,Musahiban Dairesi,,historic,225470921,Baltacılar Dairesi,,historic,12,0.13945367785052706,0.5,1,0.6564107854679812,0.6560912875959969,,,,,
225470905,Kızlarağası Dairesi,,historic,1043098720,Musahiban Dairesi,,historic,12,0.14490223148721157,0.5,1,0.6637419776059456,0.6564107854679812,,,,,
5478162925,Sarayburnu Atatürk Anıtı,Sarayburnu Atatürk Monument,historic,1488385517,Sarayburnu Arkeopark,,historic,12,0.1487667528935045,0.5,1,0.7128245704924515,0.7114292675061363,,,,,
4889905032,SALT Galata,SALT Galata,museum,708327982,Galata Surları,Galata Citywalls,historic,12,0.15224502821755573,0.5,0,0.6297774968632438,0.6202265386126733,,,,,
914394417,Dolmabahçe Sarayı İç Hazine Dairesi,Clock Museum,museum,225470905,Kızlarağası Dairesi,,historic,12,0.15530333590696252,0.5,0,0.7442553795490467,0.6637419776059456,,,,,
709381141,Sultan II. Selim Türbesi,Mausoleum of Sultan Selim II,historic,25428553,Sultan Ahmet Parkı,,park,12,0.15574326115823717,0.5,0,0.8004027259690221,0.6814618235586957,,,,,
109836395,Sultan III. Murad Türbesi,Mausoleum of Sultan Murad III,historic,32396432,III. Ahmet Çeşmesi,Sultan Ahmed III Fountain,attraction,12,0.1569123662151616,0.5,0,0.8041543523982415,0.7283870411993926,,,,,
109836394,Sultan III. Mehmet Türbesi,Mausoleum of Sultan Mehmed III,historic,25428553,Sultan Ahmet Parkı,,park,12,0.16196721976254827,0.5,0,0.8003294918903925,0.6814618235586957,,,,,
4721808990,Kapali Carsi,Grand Bazaar,museum,303807317,Kapalı Çarşı,Grand Bazaar,attraction,12,0.17229363483631577,0.5,0,0.7300729005006088,0.7047920305094901,,,,,
3374681017,Atik Ali Paşa Medresesi,,historic,5244807882,Merzifonlu Kara Mustafa Paşa Medresesi,,attraction,12,0.173963058950907,0.5,0,0.6872196114313097,0.6635622935449846,,,,,
499944905,Atik Ali Paşa Medresesi,,historic,5244807882,Merzifonlu Kara Mustafa Paşa Medresesi,,attraction,12,0.17683766102925974,0.5,0,0.6945780725228948,0.6635622935449846,,,,,
2996272,Agavat Dairesi (Deniz Müzesi K. Tarih Arşivi),,historic,498861869,Deniz Müzesi,Naval Museum,museum,12,0.1849646001124763,0.5,0,0.6937651765556849,0.6728172297152518,,,,,
180866633,Yedikule Mezarlığı,,historic,20318937,Yedikule Zindanları,Yedikule Fortress,historic,17,0.18703961739782013,0.5,1,0.6613480485238161,0.6546628737267652,,,,,
25512790,Sultanahmet Meydanı,Sultan Ahmed Square,attraction,25428553,Sultan Ahmet Parkı,,park,12,0.189926202917693,0.5,0,0.7760674446106873,0.6814618235586957,,,,,
23236783,Galata Kulesi,Galata Tower,attraction,4889905032,SALT Galata,SALT Galata,museum,12,0.2055097502595005,0.5,0,0.6791555268577218,0.6297774968632438,,,,,
110017005,İstanbul Üniversitesi Kapı Köşkü,,historic,1427911102,İstanbul Üniversitesi Atatürk ve Gençlik Anıtı,,historic,12,0.20636597734881956,0.5,1,0.6339974378474112,0.618802276789371,,,,,
110016988,İstanbul Üniversitesi Kapı Köşkü,,historic,1427911102,İstanbul Üniversitesi Atatürk ve Gençlik Anıtı,,historic,12,0.2130692625505966,0.5,1,0.6263409450360584,0.618802276789371,,,,,
13385771383,V. Murat Türbesi,,historic,333112194,Sultan 1. Abdülhamit Türbesi,,historic,12,0.2152043538858391,0.5,1,0.6867189612860543,0.6762663213923491,,,,,
225470917,I. Hareket Köşkü,,historic,1423624916,Kuşluk Köşkü,,historic,12,0.21928038070195996,0.5,1,0.6638234896402336,0.6606261921843108,,,,,
708327981,Galata citywalls,,historic,4889905032,SALT Galata,SALT Galata,museum,12,0.2288129547041352,0.5,0,0.6347668799982107,0.6297774968632438,,,,,
527580309,Keçecizâde Fuad Paşa Türbesi,Turbe of Keçecizâde Fuad Pasha,historic,13385771384,II. Abdülhamid Türbesi,,historic,12,0.2315694453237639,0.5,1,0.8210574583077491,0.7953630943761127,,,,,
175517661,Mahmut Paşa Camii,,attraction,6390364,Rüstem Paşa Medresesi,,historic,12,0.23758711651026035,0.5,0,0.7001537174702,0.657674545017853,,,,,
103953125,Sultan Ahmet Türbesi,Tomb of Sultan Ahmed I,attraction,109836395,Sultan III. Murad Türbesi,Mausoleum of Sultan Murad III,historic,12,0.2409720258279723,0.5,0,0.8358979261397337,0.8041543523982415,,,,,
1423624916,Kuşluk Köşkü,,historic,225470899,II. Hareket Köşkü,,historic,12,0.24914847284678182,0.5,1,0.6606261921843108,0.6563807937639404,,,,,
165718178,Galata Mevlevihanesi Müzesi,Galata Dervish House Museum,museum,708327981,Galata citywalls,,historic,12,0.25208261652694497,0.5,0,0.6988050873461953,0.6347668799982107,,,,,
7568501,İstanbul Üniversitesi Edebiyat Fakültesi,Istanbul University Faculty of Letters,historic,110016988,İstanbul Üniversitesi Kapı Köşkü,,historic,12,0.25953426752256775,0.5,1,0.6291451703215596,0.6263409450360584,,,,,
1423624915,Dolmabahçe Sarayı Hazine Kapısı,,historic,1423624921,Koltuk Kapısı,,historic,12,0.2629226641750758,0.5,1,0.6998066330798159,0.6608637993223796,,,,,
527580309,Keçecizâde Fuad Paşa Türbesi,Turbe of Keçecizâde Fuad Pasha,historic,3281285899,Mithat Paşa,,historic,12,0.2641677631653396,0.5,1,0.8210574583077491,0.7206554939357813,,,,,
103953125,Sultan Ahmet Türbesi,Tomb of Sultan Ahmed I,attraction,109836394,Sultan III. Mehmet Türbesi,Mausoleum of Sultan Mehmed III,historic,12,0.2682162300122773,0.5,0,0.8358979261397337,0.8003294918903925,,,,,
8120955,İbrahim Paşa Sarayı,Ibrahim Pasha Palace,historic,3281285899,Mithat Paşa,,historic,12,0.2703327190494855,0.5,1,0.8589147224356382,0.7206554939357813,,,,,
165718178,Galata Mevlevihanesi Müzesi,Galata Dervish House Museum,museum,23236783,Galata Kulesi,Galata Tower,attraction,12,0.2750591020207974,0.5,0,0.6988050873461953,0.6791555268577218,,,,,
111002508,Gazi Atik Ali Paşa Camii,,historic,175517661,Mahmut Paşa Camii,,attraction,12,0.2806078001007328,0.5,0,0.715883033994211,0.7001537174702,,,,,
914394417,Dolmabahçe Sarayı İç Hazine Dairesi,Clock Museum,museum,1043098720,Musahiban Dairesi,,historic,12,0.2813344132759825,0.5,0,0.7442553795490467,0.6564107854679812,,,,,
329062194,Sultan 2. Mahmut Türbesi,Mausoleum of Sultan Mahmud II,historic,5244807872,Karababa Türbesi,,historic,12,0.2846240743119896,0.5,1,0.7990432221724273,0.7024260330596697,,,,,
13385771384,II. Abdülhamid Türbesi,,historic,5244807872,Karababa Türbesi,,historic,12,0.28671816619822454,0.5,1,0.7953630943761127,0.7024260330596697,,,,,
