poi_id,name,name_en,category,category_clean,lat,lon,distance_to_center_km,nearby_count_500m,cluster_id,category_score,landmark_name_score,centrality_score,density_score,importance_score,is_park,is_historic,is_museum,is_attraction,is_religious,match_name,wiki_matched,wiki_title,wiki_pageid,wiki_pageviews_total,wiki_pageviews_avg,wiki_pageviews_max,wiki_popularity_score,importance_with_wiki
13615790287,Lausos Sarayı'nın Kalıntıları,,historic:archaeological_site,historic,41.007586,28.9755539,0.2483836382596149,64,12,0.82,0.55,0.9973667298974932,0.9411764705882352,0.8630041366163068,0,1,0,0,0,Lausos Sarayı'nın Kalıntıları,False,,,,,,0.0,0.6041028956314147
1075801479,Antiochos Sarayı'nın Kalıntıları,,historic:archaeological_site,historic,41.0072892,28.9753286,0.2769067279826808,63,12,0.82,0.55,0.9970210361405072,0.9264705882352942,0.8592239579009757,0,1,0,0,0,Antiochos Sarayı'nın Kalıntıları,False,,,,,,0.0,0.6014567705306829
8120955,İbrahim Paşa Sarayı,Ibrahim Pasha Palace,historic:castle,historic,41.0063974,28.9748082,0.3619564841626458,63,12,0.82,0.55,0.9959902512560485,0.9264705882352942,0.8589147224356382,0,1,0,0,0,Ibrahim Pasha Palace,True,Pargalı Ibrahim Pasha,2794458.0,832040.0,569.5003422313484,1629.0,0.12960481932290033,0.6401217515018168
311681431,Sağlık Müzesi,,tourism:museum,museum,41.0083138,28.9752897,0.2612902406615519,66,12,0.85,0.35,0.9972103046322932,0.9705882352941176,0.8493101502132174,0,0,1,0,0,Sağlık Müzesi,False,,,,,,0.0,0.5945171051492522
1153966162,Büyük Saray Mozaikleri Müzesi,Great Palace Mosaic Museum,tourism:museum,museum,41.0042947,28.977433,0.4417661901704877,55,12,0.85,0.5900000000000001,0.9950229746607822,0.8088235294117647,0.8442127747511758,0,0,1,0,0,Great Palace Mosaic Museum,True,Great Palace Mosaic Museum,4347571.0,35723.0,24.451060917180012,161.0,0.005564483631402298,0.5926182874152438
103953125,Sultan Ahmet Türbesi,Tomb of Sultan Ahmed I,tourism:attraction,attraction,41.0067894,28.9769854,0.1967030879164364,68,12,0.78,0.35,0.9979930871324456,1.0,0.8358979261397337,0,0,0,1,1,Tomb of Sultan Ahmed I,True,Ahmed III,1529.0,561542.0,384.3545516769336,1050.0,0.08747001280253365,0.6113695521385737
11867279469,Ayasofya Tarih ve Deneyim Müzesi,Hagia Sophia History and Experience Museum,tourism:museum,museum,41.0064549,28.9753667,0.3200588224798351,62,12,0.85,0.35,0.9964980419693508,0.9117647058823528,0.8343905890613934,0,0,1,0,0,Hagia Sophia History and Experience Museum,True,Hagia Sophia,42764.0,6419823.0,4394.129363449692,23001.0,1.0,0.8840734123429754
5113500256,Türk ve İslam Eserleri Müzesi,Turkish and Islamic Arts Museum,tourism:museum,museum,41.0062801,28.974915,0.3620634245244101,62,12,0.85,0.35,0.9959889551616984,0.9117647058823528,0.8342378630190977,0,0,1,0,0,Turkish and Islamic Arts Museum,True,Turkish and Islamic Arts Museum,8174199.0,51912.0,35.53182751540041,79.0,0.00808620424581799,0.5863923653871138
3373094254,Halı Müzesi,Carpet Museum,tourism:museum,museum,41.0056817,28.9786693,0.2809328688594484,60,12,0.85,0.35,0.9969722401727716,0.8823529411764706,0.827179907345949,0,0,1,0,0,Carpet Museum,True,Museum of Carpet,62201527.0,2016.0,1.5987311657414751,296.0,0.00036383343172363084,0.5791350851716813
527580309,Keçecizâde Fuad Paşa Türbesi,Turbe of Keçecizâde Fuad Pasha,historic:tomb,historic,41.0065607,28.9728429,0.5006616097447163,61,12,0.82,0.35,0.9943091747513207,0.8970588235294118,0.8210574583077491,0,1,0,0,1,Turbe of Keçecizâde Fuad Pasha,False,,,,,,0.0,0.5747402208154243
1652694014,Magnaura Sarayı,,historic:ruins,historic,41.0054477,28.9796589,0.3237603925697854,52,12,0.82,0.55,0.9964531797302466,0.7647058823529411,0.8186124245073092,0,1,0,0,0,Magnaura Sarayı,False,,,,,,0.0,0.5730286971551164
10284696709,Topkapi Sarayı,Topkapi Palace,tourism:museum,museum,41.011344,28.9832034,0.5335360930561551,48,12,0.85,0.55,0.9939107430331848,0.7058823529411765,0.8121438111452497,0,0,1,0,0,Topkapi Palace,False,,,,,,0.0,0.5685006678016747
149049165,Piskoposluk Sarayı,Archeological Park,historic:archaeological_site,historic,41.0073268,28.9803843,0.1927452606494585,50,12,0.82,0.55,0.9980410551538174,0.7352941176470589,0.8117358459579099,0,1,0,0,0,Archeological Park,False,,,,,,0.0,0.5682150921705369
18055570,Sultanahmet Camii,Blue Mosque,tourism:attraction,attraction,41.0054066,28.9766495,0.3435924196138841,63,12,0.78,0.29,0.9962128197971508,0.9264705882352942,0.8079814929979688,0,0,0,1,1,Blue Mosque,True,Blue Mosque,343731.0,12800.0,8.767123287671232,43.0,0.001995190073509452,0.566185602120631
132277807,Şehzadeler Türbesi,Mausoleum of Princes,historic:tomb,historic,41.0080155,28.9793917,0.0857048721638021,57,12,0.82,0.35,0.9993383618062212,0.8382352941176471,0.8078603320712782,0,1,0,0,1,Mausoleum of Princes,True,Mausoleum of Safavid Princes,41391331.0,1052.0,0.8525121555915721,9.0,0.00019401161984049822,0.5655604359358469
5244801843,Marmara Üniversitesi Cumhuriyet Müzesi ve Sanat Galerisi,,tourism:museum,museum,41.0051858,28.9743891,0.4749821353054916,54,12,0.85,0.35,0.994620404498256,0.7941176470588235,0.8044155331141827,0,0,1,0,0,Marmara Üniversitesi Cumhuriyet Müzesi ve Sanat Galerisi,False,,,,,,0.0,0.5630908731799278
2472730735,Binbirdirek Sarnıcı,Cistern of Philoxenos,tourism:museum,museum,41.007606,28.9744173,0.3406526909370128,64,12,0.85,0.1,0.9962484486810024,0.9411764705882352,0.8041686522513595,0,0,1,0,0,Cistern of Philoxenos,True,Cistern of Philoxenos,16621019.0,54382.0,37.22245037645448,127.0,0.008470950055788141,0.5654593415926881
109836395,Sultan III. Murad Türbesi,Mausoleum of Sultan Murad III,historic:tomb,historic,41.0079049,28.9794475,0.093820825050066,56,12,0.82,0.35,0.999239998190217,0.8235294117647058,0.8041543523982415,0,1,0,0,1,Mausoleum of Sultan Murad III,True,Murad III,19989.0,1472685.0,1007.9979466119097,2327.0,0.22939651139914605,0.6317270000985129
5113620677,Sahabe-i Kiramdan Abdurrahman Şami Türbesi,,historic:tomb,historic,41.0066904,28.9791454,0.1791343770306378,56,12,0.82,0.35,0.9982060161569826,0.8235294117647058,0.8038441577882711,0,1,0,0,1,Sahabe-i Kiramdan Abdurrahman Şami Türbesi,False,,,,,,0.0,0.5626909104517898
4990028128,Halı Müzesi,Carpet Museum,tourism:museum,museum,41.0087318,28.9809561,0.2224827887471177,53,12,0.85,0.35,0.9976806426630468,0.7794117647058824,0.8016571339753846,0,0,1,0,0,Carpet Museum,True,Museum of Carpet,62201527.0,2016.0,1.5987311657414751,296.0,0.00036383343172363084,0.5612691438122862
709381141,Sultan II. Selim Türbesi,Mausoleum of Sultan Selim II,historic:tomb,historic,41.0079253,28.979715,0.114491112477229,55,12,0.82,0.35,0.99898947872027,0.8088235294117647,0.8004027259690221,0,1,0,0,1,Mausoleum of Sultan Selim II,False,,,,,,0.0,0.5602819081783154
109836394,Sultan III. Mehmet Türbesi,Mausoleum of Sultan Mehmed III,historic:tomb,historic,41.0077754,28.9799026,0.1346328530913444,55,12,0.82,0.35,0.9987453651248378,0.8088235294117647,0.8003294918903925,0,1,0,0,1,Mausoleum of Sultan Mehmed III,True,Mehmed III,19990.0,1426405.0,976.3210130047912,83790.0,0.22218758990707374,0.6268869212953969
329062194,Sultan 2. Mahmut Türbesi,Mausoleum of Sultan Mahmud II,historic:tomb,historic,41.0084813,28.9725914,0.4883986340478596,55,12,0.82,0.35,0.9944577993982868,0.8088235294117647,0.7990432221724273,0,1,0,0,1,Mausoleum of Sultan Mahmud II,False,,,,,,0.0,0.559330255520699
4742554,Aya İrini Kilisesi,Hagia Irene,tourism:museum,museum,41.0098292,28.9809477,0.2802102704885338,54,12,0.85,0.3,0.9969809979107328,0.7941176470588235,0.7976237111379257,0,0,1,0,1,Hagia Irene,True,Hagia Irene,2969846.0,242261.0,165.8186173853525,367.0,0.0377363986514893,0.5696575173919948
1908677124,Milyon Taşı,Milion,historic:monument,historic,41.0080674,28.9780181,0.0352744539921519,64,12,0.82,0.1,0.999949567706192,0.9411764705882352,0.7962789879589164,0,1,0,0,0,Milion,True,Milion,13857311.0,67110.0,45.93429158110883,197.0,0.010453559233642423,0.5605313593413341
103953128,Sultan Ahmet Medresesi,Sultan Ahmed Madrasah,historic:building,historic,41.0065583,28.9772241,0.2075090013870377,64,12,0.82,0.1,0.9978621217685392,0.9411764705882352,0.7956527541776205,0,1,0,0,0,Sultan Ahmed Madrasah,False,,,,,,0.0,0.5569569279243343
13385771384,II. Abdülhamid Türbesi,,historic:tomb,historic,41.0086349,28.972596,0.4894044845737539,54,12,0.82,0.35,0.9944456087046896,0.7941176470588235,0.7953630943761127,0,1,0,0,1,II. Abdülhamid Türbesi,False,,,,,,0.0,0.5567541660632789
335374188,İstanbul Arkeoloji Müzeleri,,tourism:museum,museum,41.0116941,28.9812131,0.4546072584263343,51,12,0.85,0.35,0.9948673436554396,0.75,0.7934602030966318,0,0,1,0,0,İstanbul Arkeoloji Müzeleri,False,,,,,,0.0,0.5554221421676422
319020883,İstanbul Arkeoloji Müzesi,Istanbul Archaeological Museum,tourism:museum,museum,41.0116433,28.9813725,0.4569499231556182,51,12,0.85,0.35,0.9948389510591436,0.75,0.7934516853177431,0,0,1,0,0,Istanbul Archaeological Museum,False,,,,,,0.0,0.5554161797224202
5244801844,İstanbul Cumhuriyet Eğitim Müzesi,,tourism:museum,museum,41.0049596,28.9739331,0.5199246389371006,51,12,0.85,0.35,0.9940757109506912,0.75,0.7932227132852074,0,0,1,0,0,İstanbul Cumhuriyet Eğitim Müzesi,False,,,,,,0.0,0.5552558992996451
5244807623,Türkiye Gazeteciler Cemiyeti Basın Müzesi,TGC Press Media Museum,tourism:museum,museum,41.0085619,28.9722162,0.5204365771827077,51,12,0.85,0.35,0.9940695063684672,0.75,0.7932208519105401,0,0,1,0,0,TGC Press Media Museum,True,TGC Press Media Museum,44436562.0,1806.0,1.243801652892562,21.0,0.0002830598623787654,0.5553395142960917
109874498,Alman Çeşmesi,German Fountain,tourism:attraction,attraction,41.0071134,28.9766752,0.1885335081445425,66,12,0.78,0.1,0.9980921006948528,0.9705882352941176,0.7910746890319853,0,0,0,1,0,German Fountain,True,German Fountain,7017612.0,35376.0,24.213552361396303,72.0,0.005510432296965196,0.5554054120114793
103339340,Eski Şark Eserleri Müzesi,Museum Of Ancient Orient,tourism:museum,museum,41.011393,28.9804023,0.3927903775121708,50,12,0.85,0.35,0.9956165510525292,0.7352941176470589,0.7900084947275234,0,0,1,0,0,Museum Of Ancient Orient,True,Museum of the Ancient Orient,63601842.0,16501.0,11.294318959616701,31.0,0.002570320085148765,0.553777042334811
4742207,Marmara Üniversitesi Cumhuriyet Müzesi,Marmara University Republic Museum,tourism:museum,museum,41.0048417,28.97413,0.5175212864968767,50,12,0.85,0.35,0.9941048390690854,0.7352941176470589,0.7895549811324903,0,0,1,0,0,Marmara University Republic Museum,False,,,,,,0.0,0.5526884867927432
13702456359,Fulham Park Cistern,,tourism:attraction,attraction,41.0137644,28.9817985,0.6812817126277358,46,12,0.78,0.5900000000000001,0.9921200976716964,0.6764705882352942,0.7892536763603326,0,0,0,1,0,Fulham Park Cistern,False,,,,,,0.0,0.5524775734522328
1120852417,Theodosius Dikilitaşı,Obelisk of Theodosius,historic:monument,historic,41.0059276,28.9754001,0.3566683423378241,62,12,0.82,0.1,0.9960543424058028,0.9117647058823528,0.787757479192329,0,1,0,0,0,Obelisk of Theodosius,True,Obelisk of Theodosius,18890896.0,208162.0,142.47912388774813,8035.0,0.03242488149595402,0.5611576998834165
1184924695,Yerebatan Sarnıcı,,historic:cistern,historic,41.0088628,28.9776419,0.0973556824763274,61,12,0.82,0.1,0.9991971564729992,0.8970588235294118,0.7850238528242527,0,1,0,0,0,Yerebatan Sarnıcı,False,,,,,,0.0,0.5495166969769768
5108843098,Cevri Kalfa Çeşmesi,,tourism:attraction,attraction,41.0080019,28.9767691,0.1386098002008802,64,12,0.78,0.1,0.9986971653750568,0.9411764705882352,0.7839032672595759,0,0,0,1,0,Cevri Kalfa Çeşmesi,False,,,,,,0.0,0.5487322870817031
1154702450,Şerefiye Sarnıcı,Theodosia Cistern,tourism:museum,museum,41.0074148,28.9723954,0.511355246124009,58,12,0.85,0.1,0.9941795701617868,0.8529411764705882,0.781489165166183,0,0,1,0,0,Theodosia Cistern,True,Cistern of Aspar,43720859.0,9149.0,6.262149212867898,304.0,0.0014251171722335645,0.5474699507679981
1379168992,Katip Sinan Camii,,historic:ruins,historic,41.0059631,28.9707766,0.686343289539622,52,12,0.82,0.29,0.9920587524403092,0.7647058823529411,0.778294096320328,0,1,0,0,1,Katip Sinan Camii,True,Katip Sinan Qelebi Mosque,24467325.0,1681.0,1.3163664839467502,118.0,0.0002995739030571718,0.5448957395951467
5108843109,Hacı Beşir Ağa Çeşmesi,,tourism:attraction,attraction,41.0082703,28.977987,0.0355253264403519,62,12,0.78,0.1,0.999946527185688,0.9117647058823528,0.7769251346262946,0,0,0,1,0,Hacı Beşir Ağa Çeşmesi,False,,,,,,0.0,0.5438475942384062
25512790,Sultanahmet Meydanı,Sultan Ahmed Square,tourism:attraction,attraction,41.0065205,28.9760528,0.2714178254645006,62,12,0.78,0.1,0.9970875604669972,0.9117647058823528,0.7760674446106873,0,0,0,1,0,Sultan Ahmed Square,True,Sultan Ahmed,9048628.0,7417.0,5.157858136300417,32.0,0.0011738066200789195,0.5435993532135047
1272157516,SARNIÇ CISTERN,,historic:ruins,historic,41.0120848,28.9838441,0.6286998713560744,40,12,0.82,0.55,0.992757378360252,0.5882352941176471,0.7733860370374873,0,1,0,0,0,SARNIÇ CISTERN,True,Cistern of Pulcheria,76380070.0,12160.0,41.93103448275862,10418.0,0.009542512523991757,0.5442329796834386
1120852418,Örme Dikilitaş,The Walled Obelisk,historic:monument,historic,41.0054052,28.9748422,0.430932393130965,58,12,0.82,0.1,0.99515427796759,0.8529411764705882,0.7727815775079241,0,1,0,0,0,The Walled Obelisk,True,Walled Obelisk,7024178.0,35416.0,24.240930869267626,61.0,0.005516662998341231,0.5426021031550492
1377906859,Üçler Mescidi,,historic:ruins,historic,41.0055263,28.9743308,0.4527448438750298,58,12,0.82,0.1,0.9948899157221252,0.8529411764705882,0.7727022688342846,0,1,0,0,0,Üçler Mescidi,False,,,,,,0.0,0.5408915881839992
11006008339,Yerebatan Sarnıcı,Basilica Cistern (Exit),tourism:attraction,attraction,41.0084795,28.9783826,0.0311133003347505,60,12,0.78,0.1,1.0,0.8823529411764706,0.7695882352941177,0,0,0,1,0,Basilica Cistern (Exit),False,,,,,,0.0,0.5387117647058823
415157636,Yılanlı Sütun,Serpent Column,tourism:attraction,attraction,41.0056649,28.9751101,0.3945517681069771,60,12,0.78,0.1,0.9955952033746251,0.8823529411764706,0.7682667963065052,0,0,0,1,0,Serpent Column,True,Serpent Column,10255756.0,151308.0,103.564681724846,370.0,0.02356887409512692,0.5448574196430916
1555271,Ayasofya-i Kebir Câmi-i Şerifi,,tourism:museum,museum,41.0084634,28.9798633,0.1262295172030575,54,12,0.85,0.1,0.9988472117614624,0.7941176470588235,0.7681835752931446,0,0,1,0,0,Ayasofya-i Kebir Câmi-i Şerifi,True,Ayasofya Mosque,18884056.0,5323.0,3.843321299638989,266.0,0.0008746491015052227,0.5379908974356528
32396096,Saray Mutfakları,Palace Kitchens,historic:building,historic,41.0116668,28.984489,0.6400267758861231,38,12,0.82,0.55,0.9926200986959508,0.5588235294117647,0.7659919119617264,0,1,0,0,0,Palace Kitchens,False,,,,,,0.0,0.5361943383732085
303491953,Alay Köşkü,,tourism:museum,museum,41.0110425,28.978391,0.3160729177005624,53,12,0.85,0.1,0.9965463502841762,0.7794117647058824,0.7638168462617234,0,0,1,0,0,Alay Köşkü,False,,,,,,0.0,0.5346717923832064
