date,trend_demand,temp_max,temp_min,temp_avg,precipitation,crowd_index,crowd_level,month,week_of_year,season_spring,season_summer,season_winter,weekofyear,is_holiday,predicted_crowd
2021-01-17,0.1338912133891213,9.0,3.6571428571428575,0.1565578019699326,0.4399999999999999,0.2259129472855404,Low,1,2,False,False,True,2,1,0.23759237983940948
2021-01-24,0.0,8.671428571428573,3.0285714285714285,0.1498185588387766,0.0186206896551724,0.2412214297205985,Low,1,3,False,False,True,3,0,0.23762077391651484
2021-01-31,0.0,10.885714285714286,4.957142857142857,0.2187662001036806,0.2655172413793103,0.2125264117552421,Low,1,4,False,False,True,4,0,0.2170985372352714
2021-02-07,0.0,14.957142857142856,7.385714285714286,0.3286677034733023,0.033103448275862,0.2919796213868182,Low,2,5,False,False,True,5,0,0.28899302263993026
2021-02-14,0.0,12.614285714285714,7.228571428571429,0.2680145152928979,0.2924137931034483,0.2219215959671797,Low,2,6,False,False,True,6,0,0.23310551456175518
2021-02-21,0.0,4.514285714285714,-0.8,0.0072576464489372,0.0841379310344827,0.1853497077277846,Low,2,7,False,False,True,7,0,0.19159713041496307
2021-02-28,0.1715481171548117,10.571428571428571,2.5714285714285716,0.1747019180922757,0.0013793103448275,0.3379087719361231,Medium,2,8,False,False,True,8,0,0.331711381282573
2021-03-07,0.0,10.085714285714284,2.757142857142857,0.1721099015033696,0.1448275862068965,0.2226674532096315,Low,3,9,True,False,False,9,0,0.22594403352050685
2021-03-14,0.0,10.742857142857144,2.7857142857142856,0.1747019180922757,0.0889655172413793,0.2346174719794068,Low,3,10,True,False,False,10,0,0.2363850210725391
2021-03-21,0.0,10.585714285714284,5.6571428571428575,0.2286158631415241,0.2648275862068965,0.2156192417010779,Low,3,11,True,False,False,11,0,0.22087266305744546
2021-03-28,0.0,9.171428571428573,3.1142857142857143,0.1534473820632452,0.1413793103448276,0.217758352550008,Low,3,12,True,False,False,12,0,0.22234791302413
2021-04-04,0.0,12.1,5.271428571428571,0.2540176257128045,0.0468965517241379,0.2668259773690137,Low,4,13,True,False,False,13,0,0.268985233665191
2021-04-11,0.3305439330543933,12.2,4.371428571428572,0.2415759460860549,0.2696551724137931,0.3838137158702546,Medium,4,14,True,False,False,14,0,0.3789625167745018
2021-04-18,0.0,14.971428571428572,7.871428571428572,0.328149300155521,0.0703448275862068,0.2843758245294149,Low,4,15,True,False,False,15,0,0.2873374112438649
2021-04-25,0.0,15.44285714285714,9.085714285714284,0.3810264385692068,0.0951724137931034,0.2952734488121413,Low,4,16,True,False,False,16,1,0.2923344095347214
2021-05-02,0.0,20.714285714285715,10.742857142857142,0.4878175220321409,0.0062068965517241,0.3451038772992975,Medium,5,17,True,False,False,17,1,0.34503681964542054
2021-05-09,0.0,22.1,13.042857142857144,0.5671332296526699,0.0420689655172413,0.3617261757923526,Medium,5,18,True,False,False,18,0,0.3597422977773616
2021-05-16,0.0,21.67142857142857,11.214285714285714,0.5318818040435458,0.0310344827586206,0.3533576446613396,Medium,5,19,True,False,False,19,1,0.3528715965499761
2021-05-23,0.0,21.97142857142857,14.071428571428571,0.5842405391394505,0.2441379310344827,0.3264445755349386,Low,5,20,True,False,False,20,0,0.3377499345008063
2021-05-30,0.0,22.685714285714287,14.8,0.598755832037325,0.0317241379310344,0.3732819220249906,Medium,5,21,True,False,False,21,0,0.3712128464915678
2021-06-06,0.4184100418410042,19.7,13.285714285714286,0.5386210471747019,0.1779310344827586,0.535205128176361,High,6,22,False,True,False,22,0,0.5268821595325156
2021-06-13,0.0,25.1,16.928571428571427,0.6884396060134785,0.0241379310344827,0.401704295597147,Medium,6,23,False,True,False,23,0,0.40522107400093255
2021-06-20,0.0,21.585714285714285,15.914285714285716,0.6127527216174182,0.4517241379310345,0.2934809888990186,Low,6,24,False,True,False,24,0,0.31752669875616396
2021-06-27,0.0,26.8,19.3,0.7708657335406945,0.013103448275862,0.4286390304070359,Medium,6,25,False,True,False,25,0,0.43219813590041745
2021-07-04,0.0,28.414285714285715,20.357142857142858,0.8159668221876619,0.1586206896551724,0.413065908725264,Medium,7,26,False,True,False,26,0,0.42509109679886065
2021-07-11,0.205020920502092,26.085714285714285,21.057142857142857,0.7817522032141007,0.3393103448275862,0.469174052249759,High,7,27,False,True,False,27,0,0.4916778210570181
2021-07-18,0.4184100418410042,29.342857142857145,22.3,0.8615863141524105,0.0,0.6676809151662253,High,7,28,False,True,False,28,1,0.6629518297509206
2021-07-25,0.2175732217573222,27.642857142857142,21.914285714285715,0.833592534992224,0.0117241379310344,0.5565195437901214,High,7,29,False,True,False,29,0,0.5521031971246408
2021-08-01,0.2803347280334728,32.17142857142857,21.514285714285712,0.8952825298081908,0.0,0.6087521229591937,High,8,30,False,True,False,30,0,0.602862765655525
2021-08-08,0.2384937238493724,33.042857142857144,22.142857142857142,0.9206842923794714,0.0537931034482758,0.5846935289488724,High,8,31,False,True,False,31,0,0.5856563781107093
2021-08-15,0.200836820083682,28.82857142857143,20.142857142857142,0.8242612752721616,0.0193103448275862,0.5438347236579723,High,8,32,False,True,False,32,0,0.539110217629618
2021-08-22,0.2175732217573222,28.285714285714285,20.042857142857144,0.8045619491964748,0.0068965517241379,0.548775885292776,High,8,33,False,True,False,33,0,0.5449477941421601
2021-08-29,0.0,30.342857142857145,21.571428571428573,0.8589942975635043,0.0,0.4576982892690513,High,8,34,False,True,False,34,1,0.45749944439176304
2021-09-05,0.1799163179916318,26.142857142857142,19.0,0.7527216174183515,0.0124137931034482,0.5132918856006318,High,9,35,False,False,False,35,0,0.512292820820035
2021-09-12,0.0,24.057142857142857,17.47142857142857,0.6811819595645412,0.0703448275862068,0.390285622352121,Medium,9,36,False,False,False,36,0,0.3949891911509127
2021-09-19,0.1882845188284519,26.0,17.514285714285712,0.7169517884914463,0.0441379310344827,0.5004002097547633,High,9,37,False,False,False,37,0,0.5041548412965069
2021-09-26,0.3430962343096234,21.75714285714286,14.957142857142856,0.5997926386728876,0.0806896551724137,0.5353479777221952,High,9,38,False,False,False,38,0,0.5188646108582441
2021-10-03,0.2092050209205021,19.585714285714285,14.885714285714286,0.5489891135303266,0.0220689655172413,0.4648854514159007,High,10,39,False,False,False,39,0,0.4584267216576911
2021-10-10,0.1799163179916318,19.457142857142856,14.12857142857143,0.5225505443234837,0.0427586206896551,0.43817159815493,Medium,10,40,False,False,False,40,0,0.4383857540872869
2021-10-17,0.2677824267782427,20.357142857142858,14.228571428571428,0.5406946604458267,0.156551724137931,0.4647892666952831,High,10,41,False,False,False,41,0,0.46420242254851984
2021-10-24,0.1799163179916318,17.257142857142856,11.614285714285714,0.4520476931052358,0.0427586206896551,0.4170207427894556,Medium,10,42,False,False,False,42,0,0.41642312741967485
2021-10-31,0.2092050209205021,16.4,11.257142857142856,0.4193882840850182,0.0068965517241379,0.4290396853409289,Medium,10,43,False,False,False,43,1,0.42357644296704555
2021-11-07,0.205020920502092,18.82857142857143,12.671428571428573,0.4904095386210472,0.1075862068965517,0.4281160804580498,Medium,11,44,False,False,False,44,0,0.4286273621374901
2021-11-14,0.205020920502092,15.542857142857144,8.4,0.352514256091239,0.0496551724137931,0.3983337025956591,Medium,11,45,False,False,False,45,0,0.39226341000974263
2021-11-21,0.1297071129707113,13.8,8.214285714285714,0.317262830482115,0.0041379310344827,0.3592048194230937,Medium,11,46,False,False,False,46,0,0.35466539940758535
2021-11-28,0.0,14.771428571428572,9.542857142857144,0.3846552617936755,0.2262068965517241,0.2701551992277578,Low,11,47,False,False,False,47,0,0.27780344955961417
2021-12-05,0.0,15.342857142857143,9.2,0.3810264385692068,0.2013793103448276,0.2740320695017965,Low,12,48,False,False,True,48,0,0.2775197786026803
2021-12-12,0.1715481171548117,15.414285714285713,9.9,0.3831000518403318,0.176551724137931,0.3653937293019192,Medium,12,49,False,False,True,49,0,0.36234780261881583
2021-12-19,0.2761506276150627,8.442857142857143,5.085714285714286,0.1824779678589942,0.36,0.3208187041652296,Low,12,50,False,False,True,50,0,0.33203721686494075
2021-12-26,0.1757322175732218,7.814285714285715,1.657142857142857,0.1171591498185588,0.0144827586206896,0.3201173020080406,Low,12,51,False,False,True,51,0,0.31982422115435716
2022-01-02,0.0,13.028571428571428,8.071428571428571,0.3193364437532401,0.0648275862068965,0.2828354158845927,Low,1,52,False,False,True,52,1,0.28362709204814524
2022-01-09,0.0,13.614285714285714,8.314285714285715,0.3297045101088647,0.0103448275862068,0.296842387515418,Low,1,1,False,False,True,1,0,0.2925068870541536
2022-01-16,0.1338912133891213,7.071428571428571,2.2714285714285714,0.1031622602384655,0.1482758620689655,0.2682391123523072,Low,1,2,False,False,True,2,0,0.26820553355476223
2022-01-23,0.0,5.685714285714285,-0.8142857142857143,0.0487299118714359,0.3158620689655172,0.1514465597683273,Low,1,3,False,False,True,3,0,0.16601417574745445
2022-01-30,0.0,4.514285714285714,-1.0,0.0062208398133748,0.0655172413793103,0.1887628036681503,Low,1,4,False,False,True,4,0,0.19551943287246712
2022-02-06,0.1338912133891213,8.085714285714285,1.542857142857143,0.1150855365474339,0.2613793103448276,0.2491954055898253,Low,2,5,False,False,True,5,0,0.25195906744377783
2022-02-13,0.100418410041841,9.614285714285714,2.6999999999999997,0.1544841886988076,0.46,0.2045544616305628,Low,2,6,False,False,True,6,0,0.22152665242467504
2022-02-20,0.0920502092050209,10.44285714285714,2.4857142857142853,0.1798859512700881,0.0337931034482758,0.2932322692938817,Low,2,7,False,False,True,7,0,0.28541988856814693
2022-02-27,0.1589958158995816,11.042857142857144,5.871428571428572,0.2384655261793675,0.253103448275862,0.3004168761484286,Low,2,8,False,False,True,8,0,0.3073646585240502
2022-03-06,0.1171548117154811,7.128571428571428,2.371428571428571,0.1124935199585277,0.0482758620689655,0.2826702894315058,Low,3,9,True,False,False,9,0,0.2796020566961225
2022-03-13,0.2343096234309623,3.6714285714285713,0.0285714285714285,0.0072576464489372,0.1351724137931034,0.2922976228915417,Low,3,10,True,False,False,10,0,0.30321625809427855
2022-03-20,0.196652719665272,6.185714285714285,-0.6571428571428571,0.0321410057024365,0.0634482758620689,0.2952790063709531,Low,3,11,True,False,False,11,0,0.29858593472152956
2022-03-27,0.1757322175732218,9.857142857142858,2.457142857142857,0.150855365474339,0.0324137931034482,0.3266399598082229,Low,3,12,True,False,False,12,0,0.32512924732506354
2022-04-03,0.1255230125523012,18.057142857142857,8.842857142857143,0.419388284085018,0.0586206896551724,0.3768538535706215,Medium,4,13,True,False,False,13,0,0.3700950656117616
2022-04-10,0.0920502092050209,17.514285714285712,7.571428571428571,0.3753240020736132,0.1372413793103448,0.3311740293625255,Low,4,14,True,False,False,14,0,0.3252801389028121
2022-04-17,0.1380753138075313,14.814285714285717,6.628571428571429,0.3193364437532401,0.1558620689655172,0.3336661762366343,Low,4,15,True,False,False,15,0,0.33710976959963224
2022-04-24,0.0,16.114285714285714,7.742857142857143,0.3623639191290824,0.0882758620689655,0.2910540033249316,Low,4,16,True,False,False,16,1,0.2913946867899157
2022-05-01,0.2928870292887029,18.6,11.028571428571428,0.4572317262830482,0.0034482758620689,0.4829233773568522,High,5,17,True,False,False,17,1,0.46508576095639187
2022-05-08,0.2426778242677824,16.45714285714286,9.257142857142856,0.3929497148781751,0.0358620689655172,0.4320514128042403,Medium,5,18,True,False,False,18,0,0.42105713542022316
2022-05-15,0.1548117154811715,21.785714285714285,11.014285714285714,0.5292897874546398,0.0,0.4361927939769777,Medium,5,19,True,False,False,19,0,0.43453097466405116
2022-05-22,0.1631799163179916,22.928571428571427,11.085714285714284,0.5583203732503887,0.0613793103448275,0.4368102080651469,Medium,5,20,True,False,False,20,1,0.4396197256697918
2022-05-29,0.2217573221757322,26.67142857142857,15.971428571428572,0.7081389320891653,0.0496551724137931,0.5133893062318571,High,5,21,True,False,False,21,0,0.5175541149060013
2022-06-05,0.1255230125523012,26.557142857142857,18.414285714285715,0.7314670813893209,0.0,0.4822016306929469,High,6,22,False,True,False,22,0,0.48528252300543
2022-06-12,0.1087866108786611,25.342857142857145,17.385714285714283,0.6962156557801971,0.1696551724137931,0.429326967690631,Medium,6,23,False,True,False,23,0,0.4323376197922634
2022-06-19,0.2092050209205021,24.928571428571427,17.9,0.7091757387247279,0.0034482758620689,0.5166655769052556,High,6,24,False,True,False,24,0,0.5127457478860606
2022-06-26,0.3263598326359833,25.74285714285714,17.728571428571428,0.7350959046137895,0.1262068965517241,0.5584673083917837,High,6,25,False,True,False,25,0,0.550605021987888
2022-07-03,0.2468619246861925,26.87142857142857,19.7,0.7703473302229136,0.0924137931034482,0.5360524027892807,High,7,26,False,True,False,26,0,0.5392997721170443
2022-07-10,0.3054393305439331,27.3,20.0,0.7812337998963192,0.1806896551724137,0.5509518742063796,High,7,27,False,True,False,27,1,0.5502071071887147
2022-07-17,0.1715481171548117,27.314285714285713,18.714285714285715,0.7729393468118195,0.0075862068965517,0.5161386212416413,High,7,28,False,True,False,28,0,0.512990911183469
2022-07-24,0.2677824267782427,29.214285714285715,18.7,0.8081907724209434,0.0020689655172413,0.575934652011956,High,7,29,False,True,False,29,0,0.5688210310107016
2022-07-31,0.2803347280334728,30.12857142857143,21.485714285714288,0.8574390876101607,0.0103448275862068,0.5953301247825432,High,7,30,False,True,False,30,0,0.5909502504429691
2022-08-07,0.1799163179916318,29.0,21.8,0.8501814411612234,0.0048275862068965,0.5440470741028036,High,8,31,False,True,False,31,0,0.5406007454289907
2022-08-14,0.6778242677824269,29.114285714285717,21.67142857142857,0.8465526179367548,0.1372413793103448,0.765429643410171,High,8,32,False,True,False,32,0,0.7160179582785924
2022-08-21,0.2468619246861925,28.457142857142856,20.957142857142856,0.8252980819077242,0.1779310344827586,0.5354341800188618,High,8,33,False,True,False,33,0,0.545312931473646
2022-08-28,0.2175732217573222,28.485714285714288,22.25714285714286,0.8413685847589425,0.1048275862068965,0.5402316690649646,High,8,34,False,True,False,34,1,0.5468978536384976
2022-09-04,0.3598326359832636,27.8,21.642857142857142,0.8227060653188181,0.0910344827586206,0.6085212410355532,High,9,35,False,False,False,35,0,0.6019097587013462
2022-09-11,0.2301255230125523,25.457142857142856,18.02857142857143,0.7117677553136339,0.0068965517241379,0.5272137777555388,High,9,36,False,False,False,36,0,0.5296068393261208
2022-09-18,0.2970711297071129,26.0,17.314285714285713,0.7195438050803524,0.0979310344827586,0.5448124994811105,High,9,37,False,False,False,37,0,0.5406983578090463
2022-09-25,0.205020920502092,19.642857142857142,12.714285714285714,0.5215137376879213,0.1048275862068965,0.4379990643160431,Medium,9,38,False,False,False,38,0,0.4364583639383764
2022-10-02,0.1087866108786611,25.314285714285713,16.742857142857144,0.702954898911353,0.076551724137931,0.4499694302851502,High,10,39,False,False,False,39,0,0.4483225253741049
2022-10-09,0.2552301255230125,20.4,14.571428571428571,0.5624675997926387,0.0517241379310344,0.486010515113091,High,10,40,False,False,False,40,0,0.4758161022091164
2022-10-16,0.1715481171548117,19.74285714285714,14.671428571428573,0.5484707102125452,0.0882758620689655,0.4326600992273763,Medium,10,41,False,False,False,41,0,0.44074667378584315
2022-10-23,0.1631799163179916,18.057142857142857,11.171428571428573,0.4670813893208916,0.0068965517241379,0.4203350646104357,Medium,10,42,False,False,False,42,0,0.42275423416619196
2022-10-30,0.2217573221757322,19.97142857142857,10.971428571428572,0.4795230689476412,0.0,0.4547355817721585,High,10,43,False,False,False,43,1,0.45005022668856887
2022-11-06,0.1213389121338912,20.3,10.428571428571429,0.476931052358735,0.0137931034482758,0.400990151084911,Medium,11,44,False,False,False,44,0,0.39276886007019735
2022-11-13,0.1924686192468619,16.728571428571428,9.342857142857143,0.401244167962675,0.0006896551724137,0.4164696289777507,Medium,11,45,False,False,False,45,0,0.41585912217272525
2022-11-20,0.1673640167364017,18.542857142857144,12.657142857142857,0.5028512182477967,0.0937931034482758,0.4157787531528847,Medium,11,46,False,False,False,46,0,0.4202605990173786
2022-11-27,0.1631799163179916,14.885714285714284,9.771428571428572,0.3820632452047693,0.1572413793103448,0.3647606558583576,Medium,11,47,False,False,False,47,0,0.36314775658314624
2022-12-04,0.1380753138075313,13.785714285714286,9.185714285714283,0.3447382063245204,0.0537931034482758,0.3617004981114666,Medium,12,48,False,False,True,48,0,0.36187949111691753
2022-12-11,0.1255230125523012,15.1,9.314285714285717,0.3701399688958008,0.0158620689655172,0.3706310831517874,Medium,12,49,False,False,True,49,0,0.36255241956789347
2022-12-18,0.2175732217573222,15.3,8.514285714285714,0.3654743390357697,0.2262068965517241,0.3731875332790472,Medium,12,50,False,False,True,50,0,0.36953122951861433
2022-12-25,0.1673640167364017,10.6,3.9857142857142858,0.2026956972524624,0.0317241379310344,0.3381458899577326,Medium,12,51,False,False,True,51,0,0.33615756849650025
2023-01-01,0.1589958158995816,12.1,4.8,0.2337998963193364,0.0055172413793103,0.3485344285697296,Medium,1,52,False,False,True,52,1,0.34595330105047883
2023-01-08,0.0,11.242857142857144,4.585714285714286,0.2172109901503369,0.0282758620689655,0.259508124631308,Low,1,1,False,False,True,1,0,0.25730267903120607
2023-01-15,0.1087866108786611,11.971428571428572,6.285714285714286,0.2566096423017107,0.0344827586206896,0.3244796464057058,Low,1,2,False,False,True,2,0,0.3150785691082115
2023-01-22,0.1589958158995816,15.785714285714286,8.242857142857144,0.3654743390357697,0.0158620689655172,0.3859677958674182,Medium,1,3,False,False,True,3,0,0.37665456396787406
2023-01-29,0.104602510460251,9.414285714285716,5.442857142857143,0.2026956972524624,0.0862068965517241,0.2958685850955194,Low,1,4,False,False,True,4,0,0.2899582300862441
2023-02-05,0.0,6.757142857142857,1.242857142857143,0.0876101607050285,0.136551724137931,0.1989727033839223,Low,2,5,False,False,True,5,0,0.20081707752164207
2023-02-12,0.1589958158995816,4.885714285714286,0.0428571428571429,0.0233281493001555,0.2006896551724138,0.2463584217053547,Low,2,6,False,False,True,6,0,0.2612313884447066
2023-02-19,0.0,9.642857142857142,2.5428571428571423,0.15966822187662,0.0089655172413793,0.2461073631147101,Low,2,7,False,False,True,7,0,0.24355566672218554
2023-02-26,0.100418410041841,14.542857142857144,5.857142857142857,0.2980819077242094,0.0206896551724137,0.3354958463037005,Medium,2,8,False,False,True,8,0,0.3233718837907555
2023-03-05,0.1799163179916318,12.457142857142856,7.3,0.2768273716951788,0.1206896551724137,0.3488684394698868,Medium,3,9,True,False,False,9,0,0.3497949560912289
2023-03-12,0.1087866108786611,14.857142857142858,8.828571428571427,0.3545878693623639,0.2006896551724138,0.320631735213557,Low,3,10,True,False,False,10,0,0.31899139886190053
2023-03-19,0.0962343096234309,10.55714285714286,6.114285714285714,0.230689476412649,0.2627586206896551,0.2647722735975791,Low,3,11,True,False,False,11,0,0.25632062080850426
2023-03-26,0.0,14.471428571428572,6.014285714285714,0.2742353551062728,0.1172413793103448,0.2588223306698128,Low,3,12,True,False,False,12,0,0.2665745822378302
2023-04-02,0.1422594142259414,13.571428571428571,6.1000000000000005,0.2897874546397097,0.3358620689655172,0.2908935297117802,Low,4,13,True,False,False,13,0,0.3067813246074953
2023-04-09,0.0962343096234309,14.971428571428572,7.685714285714285,0.3193364437532401,0.1324137931034482,0.3174353293169978,Low,4,14,True,False,False,14,0,0.3137251692927018
2023-04-16,0.1380753138075313,15.971428571428572,9.642857142857142,0.390357698289269,0.1958620689655172,0.346972552597443,Medium,4,15,True,False,False,15,0,0.35285583090665235
2023-04-23,0.1380753138075313,16.871428571428574,9.585714285714284,0.3960601347848627,0.0379310344827586,0.3802694904426728,Medium,4,16,True,False,False,16,1,0.3786656928245501
2023-04-30,0.104602510460251,15.828571428571427,8.542857142857143,0.3789528252980819,0.2537931034482758,0.3152284821298949,Low,4,17,True,False,False,17,1,0.3121517802760067
2023-05-07,0.1213389121338912,18.885714285714283,10.642857142857142,0.4479004665629859,0.1917241379310345,0.3566947684496345,Medium,5,18,True,False,False,18,0,0.3581900283856087
2023-05-14,0.1757322175732218,16.442857142857143,10.085714285714284,0.4048729911871436,0.0124137931034482,0.4068452475220643,Medium,5,19,True,False,False,19,0,0.40424992732029724
2023-05-21,0.200836820083682,20.585714285714285,12.528571428571428,0.5194401244167963,0.1268965517241379,0.4308711370220523,Medium,5,20,True,False,False,20,1,0.43307775277749366
2023-05-28,0.1673640167364017,20.442857142857143,13.971428571428572,0.552099533437014,0.0544827586206896,0.4384153166751671,Medium,5,21,True,False,False,21,0,0.44161199872043305
2023-06-04,0.1799163179916318,22.52857142857143,15.985714285714286,0.6251944012441679,0.1489655172413793,0.4477233759207905,High,6,22,False,True,False,22,0,0.4485637586119637
2023-06-11,0.1087866108786611,23.042857142857144,15.871428571428572,0.6350440642820114,0.0006896551724137,0.4447685936894512,Medium,6,23,False,True,False,23,0,0.4341728147980282
2023-06-18,0.4351464435146444,24.514285714285712,17.614285714285714,0.6832555728356662,0.0655172413793103,0.60944644533216,High,6,24,False,True,False,24,0,0.587358349618346
2023-06-25,0.3054393305439331,26.74285714285714,18.385714285714283,0.747019180922758,0.1758620689655172,0.5416530057556904,High,6,25,False,True,False,25,1,0.5475777868149828
2023-07-02,0.1213389121338912,28.3,16.82857142857143,0.7677553136340072,0.0137931034482758,0.4882374294674926,High,7,26,False,True,False,26,0,0.48733810085729096
2023-07-09,0.1673640167364017,29.571428571428573,20.74285714285714,0.8284085018144116,0.1675862068965517,0.498687317533214,High,7,27,False,True,False,27,0,0.5072081320271912
2023-07-16,0.2384937238493724,31.742857142857144,20.285714285714285,0.8818040435458787,0.0020689655172413,0.5833742818850015,High,7,28,False,True,False,28,0,0.5804419521808409
2023-07-23,0.1757322175732218,32.385714285714286,21.285714285714285,0.9035769828926904,0.0013793103448275,0.5586633415854525,High,7,29,False,True,False,29,0,0.5485235784745829
2023-07-30,0.196652719665272,31.028571428571432,19.17142857142857,0.8579574909279419,0.0041379310344827,0.554886020904122,High,7,30,False,True,False,30,0,0.5512231068308435
2023-08-06,0.2970711297071129,32.785714285714285,21.228571428571428,0.909279419388284,0.0041379310344827,0.6204918044631451,High,8,31,False,True,False,31,0,0.6103939276962363
2023-08-13,0.2594142259414226,28.714285714285715,21.585714285714285,0.8299637117677554,0.0234482758620689,0.5740065713286242,High,8,32,False,True,False,32,0,0.5693889282460928
2023-08-20,0.196652719665272,30.514285714285712,23.12857142857143,0.8797304302747537,0.0034482758620689,0.5615558337426483,High,8,33,False,True,False,33,0,0.5541011667197061
2023-08-27,0.4100418410041841,31.142857142857142,22.657142857142855,0.8859512700881285,0.0,0.6708063015285306,High,8,34,False,True,False,34,1,0.6698045537187669
2023-09-03,0.1841004184100418,30.785714285714285,21.3,0.8652151373768793,0.0517241379310344,0.5412699228318778,High,9,35,False,False,False,35,0,0.5404002969322945
2023-09-10,0.2510460251046025,27.542857142857144,21.071428571428573,0.7983411093831001,0.0124137931034482,0.5625425867465417,High,9,36,False,False,False,36,0,0.5556377401650306
2023-09-17,0.200836820083682,27.12857142857143,17.228571428571428,0.7288750648004148,0.0,0.5190809294819654,High,9,37,False,False,False,37,0,0.5179175474977619
2023-09-24,0.1757322175732218,28.057142857142857,16.67142857142857,0.7335406946604459,0.0,0.5079283171847446,High,9,38,False,False,False,38,0,0.5076132501116842
2023-10-01,0.1882845188284519,24.82857142857143,18.585714285714285,0.6977708657335409,0.3875862068965517,0.4259562777549778,Medium,10,39,False,False,False,39,0,0.44659485451035225
2023-10-08,0.0,22.728571428571428,14.4,0.6054950751684811,0.0268965517241379,0.3762692122057167,Medium,10,40,False,False,False,40,0,0.3717778061759398
2023-10-15,0.1422594142259414,21.428571428571427,12.171428571428573,0.536547433903577,0.0048275862068965,0.4311284200426645,Medium,10,41,False,False,False,41,0,0.4232417220239696
2023-10-22,0.2133891213389121,20.685714285714287,14.4,0.5572835666148264,0.1158620689655172,0.4507072168608005,High,10,42,False,False,False,42,0,0.4513122645017765
2023-10-29,0.1631799163179916,24.24285714285714,17.085714285714285,0.6744427164333853,0.0027586206896551,0.4833710489510803,High,10,43,False,False,False,43,1,0.47446883728402517
2023-11-05,0.1799163179916318,22.985714285714288,16.585714285714285,0.6448937273198547,0.1910344827586207,0.4452193806400482,High,11,44,False,False,False,44,0,0.4477908795893322
2023-11-12,0.0,20.82857142857143,13.94285714285714,0.5593571798859513,0.1696551724137931,0.3338761194830267,Low,11,45,False,False,False,45,0,0.3355122410268525
2023-11-19,0.1213389121338912,15.071428571428571,8.871428571428572,0.3815448418869881,1.0,0.175132908633042,Low,11,46,False,False,False,46,0,0.23451208594264586
2023-11-26,0.0,16.157142857142855,9.0,0.39917055469155,0.1296551724137931,0.2938201319247063,Low,11,47,False,False,False,47,0,0.29468927472903794
2023-12-03,0.0,15.471428571428572,10.671428571428573,0.4095386210471747,0.3213793103448276,0.2585857242451869,Low,12,48,False,False,True,48,0,0.26793138265861627
2023-12-10,0.2092050209205021,11.114285714285714,7.557142857142857,0.2623120787973043,0.1986206896551723,0.3435719961684079,Medium,12,49,False,False,True,49,0,0.3517791303113052
2023-12-17,0.1129707112970711,12.685714285714283,6.571428571428571,0.2835666148263349,0.2324137931034482,0.2950725814757464,Low,12,50,False,False,True,50,0,0.2995800502373107
2023-12-24,0.2175732217573222,12.657142857142857,4.785714285714286,0.2509072058061172,0.0951724137931034,0.3650242898618756,Medium,12,51,False,False,True,51,0,0.3610399465791687
2023-12-31,0.1213389121338912,14.585714285714287,7.5,0.3286677034733023,0.0034482758620689,0.3585801119365225,Medium,12,52,False,False,True,52,1,0.3502128479020441
2024-01-07,0.0,14.457142857142856,8.328571428571427,0.3545878693623639,0.0993103448275862,0.2865142918431919,Low,1,1,False,False,True,1,0,0.28681246967110163
2024-01-14,0.1297071129707113,7.242857142857143,1.6571428571428573,0.1047174701918092,0.2289655172413793,0.2504756940946225,Low,1,2,False,False,True,2,0,0.25332487055368635
2024-01-21,0.1380753138075313,12.385714285714286,6.6571428571428575,0.2814930015552099,0.3220689655172414,0.2890717642668804,Low,1,3,False,False,True,3,0,0.2966291674615878
2024-01-28,0.1548117154811715,7.942857142857142,2.6,0.1306376360808709,0.0744827586206896,0.3017005968407091,Low,1,4,False,False,True,4,0,0.30100301410807817
2024-02-04,0.0,7.685714285714285,2.5714285714285716,0.1285640228097459,0.0551724137931034,0.2275347240843031,Low,2,5,False,False,True,5,0,0.22813721508773718
2024-02-11,0.0,15.857142857142858,10.44285714285714,0.397096941420425,0.0027586206896551,0.3185773582881965,Low,2,6,False,False,True,6,0,0.31188269987671047
2024-02-18,0.0,10.585714285714284,6.285714285714286,0.2415759460860549,0.1917241379310345,0.2341279562396096,Low,2,7,False,False,True,7,0,0.23322118404022713
2024-02-25,0.1380753138075313,13.142857142857142,3.9,0.2405391394504925,0.0,0.3411993987389135,Medium,2,8,False,False,True,8,0,0.3369053406220484
2024-03-03,0.0,15.842857142857143,6.0,0.2752721617418351,0.0041379310344827,0.281754062315654,Low,3,9,True,False,False,9,0,0.2849099324381622
2024-03-10,0.1715481171548117,11.457142857142856,4.1,0.2104717470191809,0.1551724137931034,0.3178810999245394,Low,3,10,True,False,False,10,0,0.3229376637817171
2024-03-17,0.1380753138075313,14.228571428571428,5.728571428571429,0.2871954380508035,0.149655172413793,0.3252652538362481,Low,3,11,True,False,False,11,0,0.328217516506162
2024-03-24,0.0,11.94285714285714,2.242857142857143,0.2042509072058061,0.0689655172413793,0.2474821687134659,Low,3,12,True,False,False,12,0,0.2492721161989439
2024-03-31,0.1464435146443514,19.585714285714285,9.228571428571428,0.4421980300673925,0.1117241379310344,0.3835363387561866,Medium,3,13,True,False,False,13,0,0.3799163272677491
2024-04-07,0.2092050209205021,20.685714285714287,10.142857142857142,0.4696734059097978,0.0089655172413793,0.4437114287849145,Medium,4,14,True,False,False,14,1,0.43397784051378324
2024-04-14,0.0,20.02857142857143,9.814285714285717,0.4504924831518922,0.0,0.3351477449455676,Medium,4,15,True,False,False,15,0,0.33410899941727623
2024-04-21,0.1422594142259414,20.62857142857143,11.6,0.5194401244167963,0.2606896551724137,0.3748238134035268,Medium,4,16,True,False,False,16,1,0.393064858330251
2024-04-28,0.2175732217573222,20.514285714285712,13.328571428571427,0.534473820632452,0.1868965517241379,0.4317494467235691,Medium,4,17,True,False,False,17,1,0.4391211075911771
2024-05-05,0.2468619246861925,17.042857142857144,11.2,0.4458268532918611,0.2,0.4171790183306546,Medium,5,18,True,False,False,18,0,0.4226451444002336
2024-05-12,0.2845188284518828,19.957142857142856,10.171428571428573,0.4733022291342665,0.2075862068965517,0.442732841586911,Medium,5,19,True,False,False,19,0,0.43671488978435746
2024-05-19,0.0,19.228571428571428,9.9,0.4556765163297046,0.0862068965517241,0.3194615755885666,Low,5,20,True,False,False,20,1,0.3259374007100046
2024-05-26,0.0,21.75714285714286,13.528571428571428,0.5603939865215137,0.0779310344827586,0.3525319890599024,Medium,5,21,True,False,False,21,0,0.3528437199770241
2024-06-02,0.1673640167364017,25.542857142857144,13.842857142857143,0.6594090202177294,0.0179310344827586,0.4779185075369679,High,6,22,False,True,False,22,0,0.47136981890484636
2024-06-09,0.2259414225941423,30.47142857142857,19.17142857142857,0.8284085018144116,0.0,0.5614932618413946,High,6,23,False,True,False,23,0,0.5613087272982306
2024-06-16,0.1841004184100418,31.814285714285713,19.428571428571427,0.8615863141524105,0.0662068965517241,0.5372847241403993,High,6,24,False,True,False,24,1,0.5398705654611823
2024-06-23,0.2092050209205021,28.928571428571427,19.6,0.8066355624675998,0.0,0.546593179200531,High,6,25,False,True,False,25,0,0.5431474016094102
2024-06-30,0.1548117154811715,28.085714285714285,20.17142857142857,0.8040435458786936,0.0,0.5186189215041939,High,6,26,False,True,False,26,0,0.5142695910418869
2024-07-07,0.2175732217573222,29.6,19.557142857142857,0.8252980819077242,0.0606896551724138,0.5442381044164957,High,7,27,False,True,False,27,0,0.5461529986071
2024-07-14,0.1380753138075313,30.485714285714288,22.67142857142857,0.8916537065837222,0.1144827586206896,0.5136372171547444,High,7,28,False,True,False,28,0,0.5101942219976622
2024-07-21,0.2217573221757322,33.1,23.928571428571427,0.955935717988595,0.0089655172413793,0.5958662730361688,High,7,29,False,True,False,29,0,0.5848581116804976
2024-07-28,0.0,30.24285714285714,21.585714285714285,0.8771384136858476,0.0448275862068965,0.454176006864375,High,7,30,False,True,False,30,0,0.45230396064173584
2024-08-04,0.393305439330544,30.342857142857145,20.75714285714286,0.8584758942457231,0.0227586206896551,0.6496437638010579,High,8,31,False,True,False,31,0,0.6490491008708673
2024-08-11,0.2301255230125523,29.614285714285717,21.042857142857144,0.8486262312078796,0.0068965517241379,0.5682713205238125,High,8,32,False,True,False,32,0,0.566429698253953
2024-08-18,0.2343096234309623,30.485714285714288,22.014285714285712,0.8729911871435976,0.0,0.5790521678585605,High,8,33,False,True,False,33,0,0.5793037295353021
2024-08-25,0.0,30.642857142857142,20.657142857142855,0.8434421980300675,0.0172413793103448,0.4495843835469513,High,8,34,False,True,False,34,0,0.45014630917735315
2024-09-01,0.200836820083682,28.02857142857143,20.114285714285717,0.807153965785381,0.1041379310344827,0.5217370135705588,High,9,35,False,False,False,35,1,0.5244889852078145
2024-09-08,0.0,27.7,19.228571428571428,0.7703473302229136,0.176551724137931,0.3957938542392878,Medium,9,36,False,False,False,36,0,0.4119189359555255
2024-09-15,0.1589958158995816,28.6,19.685714285714287,0.8014515292897875,0.0544827586206896,0.5090368150125891,High,9,37,False,False,False,37,0,0.512701802463195
2024-09-22,0.205020920502092,24.4,16.32857142857143,0.6583722135821668,0.1310344827586206,0.4738152277739719,High,9,38,False,False,False,38,0,0.4693513019829508
2024-09-29,0.1589958158995816,27.12857142857143,16.714285714285715,0.6941420425090719,0.02,0.4837405207025123,High,9,39,False,False,False,39,0,0.4840569310444616
2024-10-06,0.0,24.0,15.514285714285714,0.6423017107309485,0.2393103448275862,0.3448284442537673,Medium,10,40,False,False,False,40,0,0.35247433451000554
2024-10-13,0.1506276150627615,23.4,16.142857142857142,0.6433385173665112,0.0303448275862069,0.4622463972240927,High,10,41,False,False,False,41,0,0.4566372210651214
2024-10-20,0.0,18.242857142857144,10.457142857142856,0.439087610160705,0.0324137931034482,0.3252435244275218,Low,10,42,False,False,False,42,0,0.32843884230629095
2024-10-27,0.0,17.985714285714288,10.44285714285714,0.4333851736651114,0.0041379310344827,0.3291879658926369,Low,10,43,False,False,False,43,1,0.3299187089148623
2024-11-03,0.0,18.285714285714285,10.885714285714286,0.4463452566096424,0.0075862068965517,0.3323863356035824,Low,11,44,False,False,False,44,0,0.3364841082707293
2024-11-10,0.5648535564853557,15.485714285714286,8.885714285714286,0.3685847589424573,0.0006896551724137,0.5928642748909323,High,11,45,False,False,False,45,0,0.544364969123722
2024-11-17,0.0,15.0,10.571428571428571,0.3862104717470191,0.0503448275862069,0.3057941760068643,Low,11,46,False,False,False,46,0,0.3024279807155396
2024-11-24,0.0,15.37142857142857,6.285714285714286,0.3291861067910834,0.4531034482758621,0.2081351423821526,Low,11,47,False,False,False,47,0,0.22724817021994062
2024-12-01,0.0,12.042857142857144,6.657142857142857,0.2680145152928979,0.0048275862068965,0.27943883734649,Low,12,48,False,False,True,48,0,0.2776063316507191
2024-12-08,0.1548117154811715,12.771428571428572,9.028571428571428,0.3182996371176775,0.1406896551724137,0.3447578178414063,Medium,12,49,False,False,True,49,0,0.35075123903093136
2024-12-15,0.0,11.87142857142857,7.171428571428572,0.2763089683773975,0.5172413793103449,0.1794444146511503,Low,12,50,False,False,True,50,0,0.20196078917724308
2024-12-22,0.2217573221757322,11.385714285714286,6.471428571428571,0.2524624157594608,0.1551724137931034,0.3555829030570837,Medium,12,51,False,False,True,51,0,0.35447431167977883
2024-12-29,0.6359832635983264,11.1,6.885714285714286,0.255054432348367,0.1972413793103448,0.5550596856416044,High,12,52,False,False,True,52,1,0.5098916172657709
2025-01-05,0.0,10.5,4.785714285714286,0.2094349403836184,0.1068965517241379,0.2414511717702579,Low,1,1,False,False,True,1,0,0.2402659634695152
2025-01-12,0.0,12.985714285714286,7.628571428571428,0.3074131674442716,0.1048275862068965,0.2712584329919021,Low,1,2,False,False,True,2,0,0.2777074498540157
2025-01-19,0.0,8.357142857142858,3.4285714285714284,0.1399688958009331,0.2475862068965517,0.1924734273609696,Low,1,3,False,False,True,3,0,0.2030850892892882
2025-01-26,0.1715481171548117,11.257142857142856,4.5,0.2146189735614307,0.136551724137931,0.3228494058182489,Low,1,4,False,False,True,4,0,0.32204694521582405
2025-02-02,0.0,13.342857142857143,6.985714285714286,0.2830482115085537,0.0006896551724137,0.2847765324180834,Low,2,5,False,False,True,5,0,0.2853994267168159
2025-02-09,0.0,6.257142857142857,2.5,0.0860549507516847,0.1351724137931034,0.1987820024668847,Low,2,6,False,False,True,6,0,0.2004987758890717
2025-02-16,0.0,7.785714285714286,2.157142857142857,0.1093831000518403,0.1882758620689655,0.195159757601759,Low,2,7,False,False,True,7,0,0.2043624300949894
2025-02-23,0.0,3.9428571428571426,-0.1285714285714286,0.0,0.2717241379310344,0.1456551724137931,Low,2,8,False,False,True,8,0,0.16084603994640356
2025-03-02,0.0,10.642857142857142,1.757142857142857,0.1477449455676516,0.0268965517241379,0.2389441733254679,Low,3,9,True,False,False,9,0,0.24196613497803654
2025-03-09,0.0,11.6,3.814285714285714,0.1933644375324002,0.013103448275862,0.2553886416045476,Low,3,10,True,False,False,10,0,0.254504215042656
2025-03-16,0.0,22.37142857142857,11.957142857142856,0.5360290305857958,0.0089655172413793,0.3590156057274629,Medium,3,11,True,False,False,11,0,0.36157025820948946
2025-03-23,0.4184100418410042,12.44285714285714,3.928571428571429,0.2275790565059616,0.1668965517241379,0.444099427527463,Medium,3,12,True,False,False,12,0,0.4173325286378536
2025-03-30,0.1882845188284519,20.52857142857143,10.757142857142856,0.4738206324520478,0.0337931034482758,0.429529828460185,Medium,3,13,True,False,False,13,1,0.4293027721656126
2025-04-06,0.0,16.400000000000002,8.442857142857143,0.3566614826334888,0.1703448275862069,0.2729294792728052,Low,4,14,True,False,False,14,0,0.2826680357664875
2025-04-13,0.2092050209205021,10.114285714285714,4.0,0.1918092275790565,0.1737931034482758,0.3273866580443129,Low,4,15,True,False,False,15,0,0.33238852298254584
2025-04-20,0.1924686192468619,19.457142857142856,7.185714285714285,0.3851736651114567,0.0027586206896551,0.4112346850189369,Medium,4,16,True,False,False,16,1,0.4040712934509266
2025-04-27,0.0,19.042857142857144,10.114285714285714,0.4396060134784862,0.0062068965517241,0.330640424733201,Low,4,17,True,False,False,17,0,0.33037174950011405
2025-05-04,0.393305439330544,16.228571428571428,8.457142857142857,0.3706583722135821,0.0510344827586206,0.4976433347776225,High,5,18,True,False,False,18,1,0.4549605315105865
2025-05-11,0.0,23.67142857142857,13.914285714285716,0.6153447382063246,0.0551724137931034,0.3735689387032767,Medium,5,19,True,False,False,19,0,0.36725674792602975
2025-05-18,0.0,19.985714285714288,11.2,0.4914463452566096,0.1303448275862068,0.3213649380597415,Low,5,20,True,False,False,20,1,0.3383726537454087
2025-05-25,0.1924686192468619,26.771428571428572,15.242857142857144,0.6972524624157594,0.0206896551724137,0.501272117313676,High,5,21,True,False,False,21,0,0.4885852730191158
2025-06-01,0.0,22.314285714285713,14.44285714285714,0.6003110419906688,0.1668965517241379,0.346714002252373,Medium,6,22,False,True,False,22,0,0.3446923757935002
2025-06-08,0.1548117154811715,28.414285714285715,17.385714285714286,0.7620528771384139,0.0006896551724137,0.5058837898476272,High,6,23,False,True,False,23,1,0.5039014229166875
2025-06-15,0.0,26.928571428571427,18.5,0.7433903576982892,0.0006896551724137,0.422879176275004,Medium,6,24,False,True,False,24,0,0.4310628372154489
2025-06-22,0.0,28.642857142857142,18.17142857142857,0.7858994297563504,0.0006896551724137,0.4356318978924224,Medium,6,25,False,True,False,25,0,0.43258754410066946
2025-06-29,0.1673640167364017,31.885714285714283,19.82857142857143,0.8786936236391913,0.0048275862068965,0.5463245782185788,High,6,26,False,True,False,26,0,0.5304127908186947
2025-07-06,0.1673640167364017,29.75714285714286,19.1,0.8221876620010369,0.0,0.5303383069685119,High,7,27,False,True,False,27,0,0.5202450555425938
2025-07-13,0.0,32.15714285714286,20.9,0.8880248833592534,0.0,0.466407465007776,High,7,28,False,True,False,28,0,0.45125571301366596
2025-07-20,0.200836820083682,31.585714285714285,21.557142857142857,0.9004665629860031,0.0,0.570558378937642,High,7,29,False,True,False,29,0,0.5586036849589064
2025-07-27,0.2133891213389121,35.357142857142854,23.457142857142856,0.9999999999999998,0.0,0.606694560669456,High,7,30,False,True,False,30,0,0.5731109374529452
2025-08-03,0.0,31.314285714285713,23.057142857142857,0.911353032659409,0.0062068965517241,0.4721645304874778,High,8,31,False,True,False,31,0,0.4578434441800933
2025-08-10,0.2175732217573222,30.542857142857144,23.185714285714287,0.8947641264904096,0.0124137931034482,0.5747330902050943,High,8,32,False,True,False,32,0,0.5683334807240292
2025-08-17,0.0,29.028571428571432,22.7,0.8626231207879731,0.0,0.4587869362363919,High,8,33,False,True,False,33,0,0.4523985757763754
2025-08-24,0.1924686192468619,29.6,20.342857142857145,0.8330741316744428,0.0151724137931034,0.5431220663671431,High,8,34,False,True,False,34,0,0.5376497380924675
2025-08-31,0.0,28.585714285714285,20.214285714285715,0.8107827890098498,0.0,0.4432348367029549,Medium,8,35,False,True,False,35,1,0.4413323756527142
2025-09-07,0.1589958158995816,28.085714285714285,20.785714285714285,0.8113011923276308,0.0868965517241379,0.5055089553032523,High,9,36,False,False,False,36,0,0.5134284832287997
2025-09-14,0.0,25.985714285714288,18.928571428571427,0.7350959046137895,0.0096551724137931,0.4185977369013782,Medium,9,37,False,False,False,37,0,0.42851559944969275
2025-09-21,0.0,24.771428571428572,16.928571428571427,0.6837739761534474,0.0193103448275862,0.4012701238805169,Medium,9,38,False,False,False,38,0,0.4060975555801879
2025-09-28,0.0,23.8,16.942857142857143,0.6583722135821668,0.0158620689655172,0.3943392502815466,Medium,9,39,False,False,False,39,0,0.38819610107596064
2025-10-05,0.0,20.342857142857145,14.457142857142856,0.5588387765681702,0.1179310344827586,0.3440654260738993,Medium,10,40,False,False,False,40,0,0.34525693062823587
2025-10-12,0.2259414225941423,18.071428571428573,12.671428571428573,0.492483151892172,0.2013793103448276,0.4204397947957572,Medium,10,41,False,False,False,41,0,0.43321466730339386
2025-10-19,0.2259414225941423,18.385714285714283,13.214285714285714,0.4992223950233281,0.0779310344827586,0.4471512229075178,High,10,42,False,False,False,42,0,0.43658220033787665
2025-10-26,0.0,19.75714285714286,13.142857142857142,0.5251425609123899,0.5496551724137931,0.2476117337909583,Low,10,43,False,False,False,43,1,0.3250069646264703
2025-11-02,0.0,19.642857142857142,11.185714285714283,0.4758942457231725,0.0972413793103448,0.3233199978548828,Low,11,44,False,False,False,44,0,0.3446809271714515
2025-11-09,0.0,19.457142857142856,13.614285714285714,0.5209953343701399,0.0510344827586206,0.3460917037593178,Medium,11,45,False,False,False,45,0,0.3510622024437627
2025-11-16,0.0,16.485714285714288,10.3,0.4147226542249869,0.1537931034482758,0.2936581755778409,Low,11,46,False,False,False,46,0,0.3016459597516985
2025-11-23,0.0,20.24285714285714,14.385714285714286,0.5505443234836702,0.0117241379310344,0.3628184694588942,Medium,11,47,False,False,False,47,0,0.356429600563919
2025-11-30,0.0,16.257142857142856,10.771428571428572,0.4126490409538621,0.1103448275862069,0.3017257467689173,Low,11,48,False,False,False,48,0,0.3076868537194337
2025-12-07,0.0,15.214285714285714,8.714285714285714,0.3514774494556764,0.3275862068965517,0.2399259934573925,Low,12,49,False,False,True,49,0,0.25389594794342857
2025-12-14,0.0,11.714285714285714,7.142857142857143,0.2768273716951788,0.0289655172413793,0.2772551080602778,Low,12,50,False,False,True,50,0,0.26926584966646255
2025-12-21,0.0,12.3,5.728571428571429,0.2457231726283048,0.0075862068965517,0.2721997104091811,Low,12,51,False,False,True,51,0,0.2725779390592901
2025-12-28,0.7489539748953975,10.014285714285714,6.042857142857143,0.2312078797304302,0.1213793103448275,0.6195634892978623,High,12,52,False,False,True,52,0,0.4848096922946844
2026-01-04,0.2635983263598326,8.9,3.3142857142857145,0.1679626749611197,0.1682758620689655,0.3485327932544592,Medium,1,1,False,False,True,1,1,0.32156026488299944
2026-01-11,0.2845188284518828,14.3,7.242857142857142,0.3359253499222395,0.4393103448275862,0.355174950237096,Medium,1,2,False,False,True,2,0,0.3569592608996598
2026-01-18,0.3179916317991632,6.6571428571428575,2.514285714285714,0.1010886469673406,0.1255172413793103,0.3642189617139217,Medium,1,3,False,False,True,3,0,0.3269993121538664
2026-01-25,0.4184100418410042,9.342857142857143,4.685714285714285,0.1824779678589942,0.0903448275862068,0.445879445760959,High,1,4,False,False,True,4,0,0.3813751193127684
2026-02-01,0.2719665271966527,12.742857142857144,8.257142857142856,0.3089683773976153,0.276551724137931,0.3733634319900247,Medium,2,5,False,False,True,5,0,0.3636906227995621
2026-02-08,0.2510460251046025,11.471428571428572,6.0,0.2477967858994297,0.2055172413793103,0.3587586000462681,Medium,2,6,False,False,True,6,0,0.34976297449721294
2026-02-15,0.6820083682008369,13.3,7.8428571428571425,0.3048211508553654,0.1013793103448275,0.6121746672880626,High,2,7,False,False,True,7,0,0.49109419092006634
2026-02-22,0.2552301255230125,13.342857142857143,6.585714285714286,0.2835666148263349,0.1944827586206896,0.3737884954852688,Medium,2,8,False,False,True,8,0,0.36444903190725797
2026-03-01,0.2092050209205021,8.557142857142857,3.914285714285714,0.1601866251944012,0.0813793103448276,0.3363826359496059,Medium,3,9,True,False,False,9,0,0.32076359736805726
2026-03-08,0.1338912133891213,11.757142857142856,3.5142857142857147,0.1985484707102125,0.0062068965517241,0.3252687685972796,Low,3,10,True,False,False,10,0,0.3065184948835826
2026-03-15,0.2175732217573222,12.12857142857143,5.614285714285714,0.2229134266459305,0.0041379310344827,0.3748330526655437,Medium,3,11,True,False,False,11,0,0.3548723918472117
2026-03-22,0.2552301255230125,9.714285714285714,6.028571428571429,0.2161741835147745,0.2393103448275862,0.3446052488504214,Medium,3,12,True,False,False,12,1,0.33253845611343175
2026-03-29,0.3221757322175733,12.628571428571428,7.728571428571429,0.2944530844997407,0.4358620689655172,0.3622513776656054,Medium,3,13,True,False,False,13,0,0.3700292925284465
2026-04-05,0.2719665271966527,16.32857142857143,9.457142857142856,0.3799896319336443,0.3703448275862069,0.3759111876611783,Medium,4,14,True,False,False,14,0,0.3961409191254176
2026-04-12,0.2677824267782427,14.557142857142855,5.714285714285714,0.2960082944530846,0.0882758620689655,0.4050385293112536,Medium,4,15,True,False,False,15,0,0.3736650135479809
2026-04-19,0.2677824267782427,16.342857142857145,7.685714285714286,0.3499222395023328,0.0013793103448275,0.4385920231708556,Medium,4,16,True,False,False,16,0,0.41112796410449265
2026-04-26,1.0,18.12857142857143,8.185714285714285,0.4085018144116122,0.1289655172413793,0.7967574408752078,High,4,17,True,False,False,17,1,0.5118214618322845
2026-05-03,0.9623430962343096,15.028571428571428,8.028571428571428,0.3447382063245204,0.1558620689655172,0.7534205962214076,High,5,18,True,False,False,18,1,0.49797309559195524
