model,feature,split_importance,gain_importance,gain_importance_normalized
LightGBM Regressor,temp_avg,315,12.36937821198444,0.3723850939868683
LightGBM Regressor,trend_demand,595,7.546836053513289,0.22720052737720975
LightGBM Regressor,temp_max,472,6.85059556634269,0.20623992816121317
LightGBM Regressor,temp_min,299,5.428147194627854,0.1634165492075902
LightGBM Regressor,precipitation,531,0.9405355070148289,0.02831519880589973
LightGBM Regressor,month,137,0.07480343505494602,0.0022519874254057384
LightGBM Regressor,is_holiday,23,0.006334910947771277,0.00019071503581308844
LightGBM Regressor,day_of_week,0,0.0,0.0
LightGBM Regressor,season,0,0.0,0.0
